,Author Name,Author,Content
0,Андреев,0," ﻿I

Он сильно пил, потерял работу и знакомых и поселился в подвале вместе с ворами и проститутками, проживая последние вещи. У него было больное, бескровное тело, изношенное в работе, изъеденное страданиями и водкой, и смерть уже сторожила его, как хищная серая птица, слепая при солнечном свете и зоркая в черные ночи. Днем она пряталась в темных углах, а ночью бесшумно усаживалась у его изголовья и сидела долго, до самого рассвета, и была спокойна, терпелива и настойчива. Когда при первых проблесках дня он высовывал из-под одеяла бледную голову с глазами травимого зверя, в комнатке было уже пусто, — но он не верил этой обманчивой пустоте, которой верят другие. Он подозрительно оглядывал углы, с хитрой внезапностью бросал взгляд за спину и потом, опершись на локти, внимательно и долго смотрел перед собой в тающую тьму уходящей ночи. И тогда он видел то, чего никогда не видят другие: колыхание серого огромного тела, бесформенного и страшного. Оно было прозрачно, охватывало все, и предметы в нем были как за стеклянной стеной. Но теперь он не боялся его, и, оставляя холодный след, оно уходило — до следующей ночи. На короткое время он забывался, и сны приходили к нему страшные и необыкновенные. Он видел белую комнату, с белым полом и стенами, освещенную белым ярким светом, и черную змею, которая выползала из-под двери с легким шуршанием, похожим на смех. Прижав к полу острую, плоскую голову и извиваясь, она быстро выскальзывала, куда-то пропадала, и опять в отверстии под дверью показывался ее приплюснутый черный нос, и черной лентой вытягивалось тело, — и опять и опять. Раз он увидел во сне что-то веселое и засмеялся, но звук получился странный, похожий на подавленное рыдание, и было страшно его слушать: где-то в безвестной глубине смеется, не то плачет душа, в то время когда тело неподвижно, как у мертвого. Постепенно в его сознание начинали входить звуки рождающегося дня: глухой говор прохожих, отдаленный скрип двери, громыхание дворницкой метлы, сметающей снег с подоконника, — весь неопределенный гул просыпающегося большого города. И тогда наступало для него самое ужасное: беспощадно светлое сознание, что пришел новый день и скоро ему нужно вставать, чтобы бороться за жизнь без надежды на победу. Нужно жить. Он поворачивался спиной к свету, набрасывал на голову одеяло, чтобы ни малейший луч не мог проникнуть в его глаза, сжимался в маленький комок, подтягивая ноги к самому подбородку, и так лежал неподвижно, боясь пошевелиться и протянуть ноги. Целой горой лежала на нем одежда, которою он укрывался от подвальной стужи, но он не чувствовал ее тяжести, и тело его было холодно. И при каждом звуке, говорившем о жизни, он казался себе огромным и открытым, сжимался еще больше и беззвучно стонал — не голосом и не мыслью, так как теперь он боялся собственного голоса и собственных мыслей. Он молился кому-то, чтобы день не приходил и ему всегда можно было лежать под грудой тряпья, не шевелясь и не мысля, и напрягал всю волю, чтобы удержать идущий день и уверить себя, что ночь еще продолжается, И больше всего в мире ему хотелось, чтобы кто-нибудь сзади приложил револьвер к затылку, к тому месту, где чувствуется углубление, и выстрелил. А день развертывался — широкий, неудержимый, властно зовущий к жизни, и весь мир начинал двигаться, говорить, работать и думать. В подвале первой просыпалась хозяйка, старуха Матрена, имевшая двадцатипятилетнего любовника, и начинала топать по кухне, стучать ведрами и возиться над чем-то у самых дверей Хижнякова. Он чувствовал ее приближение и замирал, решаясь не отзываться, если она его позовет. Но она молчала и куда-то уходила, а потом часа через два просыпались двое других жильцов: гулящая девушка Дуняша и любовник старухи, Абрам Петрович. Так почтительно, несмотря на молодость, звали его все, потому что он был смелый и искусный вор и еще что-то, о чем только подозревали, но не решались говорить. Их пробуждения больше всего страшился Хижняков, так как оба они имели на него право, могли войти, сесть на кровать, трогать его руками и вызывать его на мысли и разговоры. С Дуняшей он как-то сошелся, пьяный, и обещал на ней жениться, и хотя она смеялась и хлопала его по плечу, но искренно считала его влюбленным в себя и покровительствовала, а сама была глупая, грязная, дурно пахнущая и часто ночевала в участке. А с Абрамом Петровичем он только третьего дня вместе пьянствовал, целовался и давал клятвы в вечной дружбе. Когда раздался свежий и громкий голос Абрама Петровича и его быстрые шаги мимо двери, Хижняков застыл от страха и ожидания, простонал, не сдержавшись, вслух и еще более испугался. В одной яркой картине перед ним пронеслось его пьянство, как они сидели в каком-то темном трактире, освещенном одной лампой, среди темных, шепчущихся почему-то людей, и тоже шептались. Абрам Петрович, бледный и возбужденный, жаловался на трудную жизнь вора, зачем-то обнажал руку и давал щупать неправильно сросшиеся кости, а Хижняков целовал его и говорил:

— Я люблю воров. Они смелые, — и предлагал ему выпить на брудершафт, хотя они давно говорили на ты. — А я люблю тебя, что ты образованный и понимаешь нашего брата, — отвечал Абрам Петрович. — Гляди-ка, рука-то: она вот! И опять перед его глазами протягивалась белая рука, казавшаяся жалкой от своей белизны, и в внезапном понимании чего-то, чего он теперь не помнил и не понимал, он целовал эту руку, а Абрам Петрович горделиво кричал:

— Верно, брат! Помрем, а не сдадимся! А потом что-то грязное, кружащееся, вой, свист и прыгающие огни. И тогда это было весело, а теперь, когда в углах пряталась смерть и отовсюду надвигался день с необходимостью жить, и действовать, и за что-то бороться, о чем-то просить, — было мучительно и непередаваемо ужасно. — Барин, спишь? — насмешливо спросил за дверью Абрам Петрович и, не получив ответа, добавил: — Ну спи, черт с тобой. К Абраму Петровичу приходит много знакомых, и в течение целого дня визжит дверь и раздаются басистые голоса. И Хижнякову при каждом стуке кажется, что это пришли к нему и за ним, и он прячется все глубже и долго прислушивается, пока поймет, кому принадлежит голос."
1,Андреев,0," ﻿Когда поздней ночью он звонил у своих дверей, первым звуком после колокольчика был звонкий собачий лай, в котором слышались и боязнь чужого и радость, что это идет свой. Потом доносилось шлепанье калош и скрип снимаемого крючка. Он входил и раздевался в темноте, чувствуя недалеко от себя молчаливую женскую фигуру. А колена его ласково царапали когти собаки, и горячий язык лизал застывшую руку. — Ну, что? — спрашивал заспанный голос тоном официального участия. — Ничего. Устал, — коротко отвечал Владимир Михайлович и шел в свою комнату. За ним, стуча когтями по вощеному полу, шла собака и вспрыгивала на кровать. Когда свет зажженной лампы наполнял комнату, взор Владимира Михайловича встречал упорный взгляд черных глаз собаки. Они говорили: приди же, приласкай меня. И, чтобы сделать это желание более понятным, собака вытягивала передние лапы, клала на них боком голову, а зад ее потешно поднимался, и хвост вертелся, как ручка у шарманки. — Друг ты мой единственный! — говорил Владимир Михайлович и гладил черную блестящую шерсть. Точно от полноты чувства, собака опрокидывалась на спину, скалила белые зубы и легонько ворчала, радостная и возбужденная. А он вздыхал, ласкал ее и думал, что нет больше на свете никого, кто любил бы его. Если Владимир Михайлович возвращался рано и не уставал от работы, он садился писать, и тогда собака укладывалась комочком где-нибудь на стуле возле него, изредка открывала один черный глаз и спросонья виляла хвостом. И когда, взволнованный процессом творчества, измученный муками своих героев, задыхающийся от наплыва мыслей и образов, он ходил по комнате и курил папиросу за папиросой, она следила за ним беспокойным взглядом и сильнее виляла хвостом. — Будем мы с тобой знамениты, Васюк? — спрашивал он собаку, и та утвердительно махала хвостом. — Будем тогда печенку есть, ладно? «Ладно», — отвечала собака и сладко потягивалась: она любила печенку. У Владимира Михайловича часто собирались гости. Тогда его тетка, с которой он жил, добывала у соседей посуду, поила чаем, ставя самовар за самоваром, ходила покупать водку и колбасу и тяжело вздыхала, доставая со дна кармана засаленный рубль. В накуренной комнате звучали громкие голоса. Спорили, смеялись, говорили смешные и острые вещи, жаловались на свою судьбу и завидовали друг другу; советовали Владимиру Михайловичу бросить литературу и заняться другим, более выгодным делом. Одни говорили, что ему нужно лечиться, другие чокались с ним рюмками и говорили о вреде водки для его здоровья. Он такой больной, постоянно нервничающий. Оттого у него припадки тоски, оттого он ищет в жизни невозможного. Все говорили с ним на «ты», и в голосе их звучало участье, и они дружески звали его с собой ехать за город продолжать попойку. И когда он, веселый, кричащий больше всех и беспричинно смеющийся, уезжал, его провожали две пары глаз: серые глаза тетки, сердитые и упрекающие, и черные, беспокойно ласковые глаза собаки. Он не помнил, что он делал, когда пил и когда к утру возвращался домой, выпачканный в грязи и мелу и потерявший шляпу. Передавали ему, что во время попойки он оскорблял друзей, а дома обижал тетку, которая плакала и говорила, что не выдержит такой жизни и удавится, и мучил собаку за то, что она не идет к нему ласкаться. Когда же она, испуганная и дрожащая, скалила зубы, то бил ее ремнем. Наступал следующий день; все уже кончали свою дневную работу, а он просыпался, больной и страдающий. Сердце неровно колотилось в груди и замирало, наполняя его страхом близкой смерти, руки дрожали. За стеной, в кухне, стучала тетка, и звук ее шагов разносился по пустой и холодной квартире. Она не заговаривала с Владимиром Михайловичем и молча подавала ему воду, суровая, непрощающая. И он молчал, смотрел на потолок в одно давно им замеченное пятнышко и думал, что он сжигает свою жизнь, и никогда у него не будет ни славы, ни счастья. Он сознавал себя ничтожным, и слабым, и одиноким до ужаса. Бесконечный мир кишел движущимися людьми, и не было ни одного человека, который пришел бы к нему и разделил его муки, безумно-горделивые помыслы о славе и убийственное сознание ничтожества. Дрожащей, ошибающейся рукой он хватался за холодный лоб и сжимал веки, но, как ни крепко он их сжимал, слеза просачивалась и скользила по щеке, еще сохранившей запах продажных поцелуев. А когда он опускал руку, она падала на другой лоб, шерстистый и гладкий, и затуманенный слезой взгляд встречал черные, ласковые глаза собаки, и ухо ловило ее тихие вздохи. И он шептал, тронутый, утешенный:

— Друг, друг мой единственный!.. Когда он выздоравливал, к нему приходили друзья и мягко упрекали его, давали советы и говорили о вреде водки. А те из друзей, кого он оскорбил пьяный, переставали кланяться ему. Они понимали, что он не хотел им зла, но они не желали натыкаться на неприятность. Так, в борьбе с самим собой, неизвестностью и одиночеством, протекали угарные, чадные ночи и строго карающие светлые дни. И часто в пустой квартире гулко отдавались шаги тетки, и на кровати слышался шепот, похожий на вздох:

— Друг, друг мой единственный!.. И наконец она пришла, эта неуловимая слава, пришла, нежданная-негаданная, и наполнила светом и жизнью пустую квартиру. Шаги тетки тонули в топоте дружеских ног, призрак одиночества исчез, и замолк тихий шепот. Исчезла и водка, этот зловещий спутник одиноких, и Владимир Михайлович более не оскорблял ни тетки, ни друзей. Радовалась и собака. Еще звончее стал ее лай при поздних встречах, когда он, ее единственный друг, приходил добрый, веселый, смеющийся, и она сама научилась смеяться; верхняя губа ее приподнималась, обнажая белые зубы, и потешными складками морщился нос. Веселая, шаловливая, она начинала играть, хватала его вещи и делала вид, что хочет унести их, а когда он протягивал руки, чтобы поймать ее, подпускала его на шаг и снова убегала, и черные глаза ее искрились лукавством. Иногда он показывал собаке на тетку и кричал: «куси», и собака с притворным гневом набрасывалась на нее, тормошила ее юбку и, задыхаясь, косилась черным лукавым глазом на друга. Тонкие губы тетки кривились в суровую улыбку, она гладила заигравшуюся собаку по блестящей голове и говорила:

— Умная собака, только вот супу не любит. А по ночам, когда Владимир Михайлович работал и только дребезжание стекол от уличной езды нарушало тишину, собака чутко дремала возле него и пробуждалась при малейшем его движении."
2,Андреев,0," ﻿Временами Сашке хотелось перестать делать то, что называется жизнью: не умываться по утрам холодной водой, в которой плавают тоненькие пластинки льда, не ходить в гимназию, не слушать там, как все его ругают, и не испытывать боли в пояснице и во всем теле, когда мать ставит его на целый вечер на колени. Но так как ему было тринадцать лет и он не знал всех способов, какими люди перестают жить, когда захотят этого, то он продолжал ходить в гимназию и стоять на коленках, и ему казалось, что жизнь никогда не кончится. Пройдет год, и еще год, и еще год, а он будет ходить в гимназию и стоять дома на коленках. И так как Сашка обладал непокорной и смелой душой, то он не мог спокойно отнестись ко злу и мстил жизни. Для этой цели он бил товарищей, грубил начальству, рвал учебники и целый день лгал то учителям, то матери, не лгал он только одному отцу. Когда в драке ему расшибали нос, он нарочно расковыривал его еще больше и орал без слез, но так громко, что все испытывали неприятное ощущение, морщились и затыкали уши. Проорав сколько нужно, он сразу умолкал, показывал язык и рисовал в черновой тетрадке карикатуру на себя, как орет, на надзирателя, заткнувшего уши, и на дрожащего от страха победителя. Вся тетрадка заполнена была карикатурами, и чаще всех повторялась такая: толстая и низенькая женщина била скалкой тонкого, как спичка, мальчика, Внизу крупными и неровными буквами чернела подпись: ""Проси прощенья, щенок"", - и ответ:

""Не попрошу, хоть тресни"". Перед рождеством Сашку выгнали из гимназии, и когда мать стала бить его, он укусил ее за палец. Это дало ему свободу, и он бросил умываться по утрам, бегал целый день с ребятами и бил их, и боялся одного голода, так как мать перестала совсем кормить его, и только отец прятал для него хлеб и картошку. При этих условиях Сашка находил существование возможным. В пятницу, накануне рождества, Сашка играл с ребятами, пока они не разошлись по домам и не проскрипела ржавым, морозным скрипом калитка за последним из них. Уже темнело, и с поля, куда выходил одним концом глухой переулок, надвигалась серая снежная мгла; в низеньком черном строении, стоявшем поперек улицы, на выезде, зажегся красноватый, немигающий огонек. Мороз усилился, и когда Сашка проходил В светлом круге, который образовался от зажженного фонаря, он видел медленно реявшие в воздухе маленькие сухие снежинки. Приходилось идти домой. - Где полуночничаешь, щенок? - крикнула на него мать, замахнулась кулаком, но не ударила. Рукава у нее были засучены, обнажая белые, толстые руки, и на безбровом, плоском лице выступали капли пота. Когда Сашка проходил мимо нее, он почувствовал знакомый запах водки. Мать почесала в голове толстым указательным пальцем с коротким и грязным ногтем и, так как браниться было некогда, только плюнула и крикнула:

- Статистики, одно слово! Сашка презрительно шморгнул носом и прошел за перегородку, где слышалось тяжелое дыханье отца, Ивана Саввича. Ему всегда было холодно, и он старался согреться, сидя на раскаленной лежанке и подкладывая под себя руки ладонями книзу. Сашка! А тебя Свечниковы на елку звали. Горничная приходила, - прошептал он. - Врешь? - спросил с недоверием Сашка. - Ей-богу. Эга ведьма нарочно ничего не говорит, а уж и куртку приготовила. - Врешь? - все больше удивлялся Сашка. Богачи Свечниковы, определившие его в гимназию, не велели после его исключения показываться к ним. Отец еще раз побожился, и Сашка задумался. - Ну-ка подвинься, расселся! - сказал он отцу, прыгая на коротенькую лежанку, и добавил: - А к этим чертям я не пойду. Жирны больно станут, если еще я к ним пойду. ""Испорченный мальчик"", - протянул Сашка в нос. - Сами хороши, антипы толсторожие. - Ах, Сашка, Сашка! - поежился от холода отец. - Не сносить тебе головы. - А ты-то сносил? - грубо возразил Сашка, - Молчал бы уж: бабы боится. Эх, тюря! Отец сидел молча и ежился. Слабый свет проникал через широкую щель вверху, где перегородка на четверть не доходила до потолка, и светлым пятном ложился на его высокий лоб, под которым чернели глубокие глазные впадины. Когда-то Иван Саввич сильно пил водку, и тогда жена боялась и ненавидела его. Но когда он начал харкать кровью и не мог больше пить, стала пить она, постепенно привыкая к водке. И тогда она выместила все, что ей пришлось выстрадать от высокого узкогрудого человека, который говорил непонятные слова, выгонялся за строптивость и пьянство со службы и наводил к себе таких же длинноволосых безобразников и гордецов, как и он сам. В противоположность мужу она здоровела по мере того, как пила, и кулаки ее все тяжелели. Теперь она говорила, что хотела, теперь она водила к себе мужчин и женщин, каких хотела, и громко пела с ними веселые песни. А он лежал за перегородкой, молчаливый, съежившийся от постоянного озноба, и думал о несправедливости и ужасе человеческой жизни. И всем, с кем ни приходилось говорить жене Ивана Саввича, она жаловалась, что нет у нее на свете таких врагов, как муж и сын: оба гордецы и статистики. Через час мать говорила Сашке:

- А я тебе говорю, что ты пойдешь! - И при каждом слове Феоктиста Петровна ударяла кулаком по столу, на котором вымытые стаканы прыгали и звякали друг о друга. - А я тебе говорю, что не пойду, - хладнокровно отвечал Сашка, и углы губ его подергивались от желания оскалить зубы. В гимназии за эту привычку его звали волчонком. - Изобью я тебя, ох как изобью! - кричала мать,

- Что же, избей! Феоктиста Петровна знала, что бить сына, который стал кусаться, она уже не может, а если выгнать на улицу, то он отправится шататься и скорей замерзнет, чем пойдет к Свечниковым; поэтому она прибегла к авторитету мужа. - А еще отец называется: не может мать от оскорблений оберечь. - Правда, Сашка, ступай, что ломаешься? - отозвался тот с лежанки. - Они, может быть, опять тебя устроят. Они люди добрые. Сашка оскорбительно усмехнулся. Отец давно, до Сашкина еще рождения, был учителем у Свечниковых и с тех пор думал, что они самые хорошие люди. Тогда он еще служил в земской статистике и ничего не пил. Разошелся он с ними после того, как женился на забеременевшей от него дочери квартирной хозяйки, стал пить и опустился до такой степени, что его пьяного поднимали на улице и отвозили в участок."
3,Андреев,0," ﻿Алексей Степанович, машинист при Буковской мельнице, среди ночи проснулся, не то уже выспавшись, так как накануне он завалился спать с восьми часов, не то от ровного шума дождя по железной крыше, от которого он отвык за семь зимних месяцев. Рамы в окнах уже были выставлены, и звук приносился густой и отчетливый, точно над железом крыши опрокинули мешок с горохом, и сквозь этот шум едва пробивалось мягкое и задумчивое бульканье. Алексей Степанович засветил огонь и, накинув пальто, выглянул наружу. Было так темно, что в первую минуту он не мог рассмотреть ракиты, которая стояла как раз у входа. Грохот дождя на крыше стал глуше, но бульканье усиливалось; и Алексей Степанович понял, что капли дождя попадают в воду, и удивился, откуда она взялась у его домика, стоявшего на бугорке. Постепенно тьма начала двигаться перед глазами и сбираться в черные пятна, похожие на провалы в темно-сером полотне. Вот темною полосою вытянулась ракита; за нею черным пятном встал барак, в котором находится потухший паровик; дальше, как туча с причудливыми краями, расплывался четырехэтажный корпус мельницы. Одно окно, под крышей, слабо светилось, и прямо под ним, в самом низу, смутно колебалось и двигалось на одном месте светлое пятно. «Ого, куда подошла!» — подумал про воду Алексей Степанович с тем приятно-жутким чувством, с каким люди встречают проявление грозной силы природы. Набросив пальто на голову, он обошел по ледяному, еще не стаявшему пласту вокруг своего домика и заглянул за угол, туда, где находилась река, а за нею, на противоположном берегу, раскидывались последние домишки Стрелецкой слободы. Но теперь не видно было ничего, точно мир кончался в двух шагах от Алексея Степановича, а дальше был бездонный провал, и там не слышалось ни звука, и не виднелось ни огонька, ни светлого пятна. Дождь шлепал где-то вблизи, а из черной пропасти подувало легким ветерком, несло свежестью и тиной, и неуловимым запахом льда, воды и навоза. Алексею Степановичу почудился крик; он долго вслушивался и даже снял пальто с головы, но только дождь нарушал зловещую тишину, обнявшую реку. Очевидно, он ошибся. И снова то неприятное, что не оставляло Алексея Степановича всю страстную неделю, завозилось в его душе и отняло у ночи ее жуткую прелесть. Он обругал дождь, скользкий ледяной пласт, свою маленькую одинокую комнатку, мельника Никиту, храпевшего в кухне, и повалился на кровать, опротивевшую за шесть дней непрерывного лежания, от которого кости ломило больше, чем от работы. Противно было все, что в нем и что вокруг него. Шесть дней он не умывался и не причесывал волос; Никита всегда вносил на сапогах грязь; в окна глядело серое, тусклое небо, и все это создавало ощущение чего-то нечистого, беспорядочного. И такими же нечистыми казались и мысли. Вначале поста стрельцы избили его за ильманинскую Дашу, и он две недели пролежал в больнице и поссорился из-за этого с управляющим, а когда выписался и с револьвером в кармане прошелся по слободе, Даша отвернулась, а проклятые ребята прыгали вокруг на одной ножке и пели: «Баринок, а баринок, зачем корявую утку съел?» Он грозно смотрел на встречных, ожидая косого взгляда, чтобы завязать драку, но все потупляли глаза, а за спиной чей-то угрюмый голос пробурчал:

— Попрыгай, попрыгай! Авось допрыгаешься! Разбойники эти стрельцы: стоят за своих девок горой и никого со стороны не подпускают: в третьем году у одного телеграфиста гитару на куски разломали, а самого чуть струной не удавили. И всем Алексей Степанович чужой. Мельники за спиной смеются и дразнят баринком; настоящие господа сторонятся и никогда руки не подают. И Алексей Степанович то винил людей и жалел себя, то думал о своем характере, гордом и неуступчивом, и думал, что все горе его жизни проистекает от него самого. Но было одинаково тяжело и то и другое и вызывало одинаковое чувство тошноты и скуки, которую хотелось сбросить с себя, как тесное, неудобное и грязное платье. Крепкие мышцы и здоровое тело требовали труда и движения, а он лежал, как колода, и чем больше лежал, тем противнее становился самому себе. Приходили такие мысли, что если бы кто-нибудь взял его за шиворот и выбросил на двор, он сделал бы для него доброе дело. Долго ворочался и вздыхал Алексей Степанович и заснул только тогда, когда окно, до тех пор не отделявшееся от черных стен, стало определяться в виде синего четырехугольника. — Степаныч! Алексей Степаныч! — будил его Никита, белый от мучной пыли, въевшейся в лицо и полушубок. — Буде спать-то! Невесту проспишь. У Никиты было круглое, безусое лицо, и он всегда смеялся и со всеми держался наравне: с Алексеем Степановичем, с самим Буковым и девками, которых он соблазнял шутками, кумачною рубахою и подсолнухами. Даже суровые стрельцы, и те любили его и дрались с ним как с равным, а не били его гуртом. — Глянь-ка, что вода-те делает! — продолжал Никита. — Страсти! Полный темными впечатлениями ночи, Алексей Степанович неохотно повернулся от стены — и был ослеплен ярким светом, наполнявшим комнату. В окно падал золотой столб солнечного света, и в нем весело поблескивал пыхтевший самовар, а снаружи неслись бодрые звуки голосов и отчаянно-звонкое щебетание воробьев. Никита, подававший самовар, открыл окно, и оттуда несло ароматным теплом, ласкавшим горло и щекотавшим в носу. Первый раз за неделю выглянуло солнышко, и все радовалось ему. — Ловко! — крикнул Алексей Степанович и босиком подбежал к окну, выходившему на реку. То, что он мельком увидел, было так ново, интересно и весело, что он поспешно бросился натягивать брюки и высокие сапоги, у колен стягивавшиеся ремешками. Пока он одевался, Никита стал под солнечные лучи, поднял лицо кверху и сладко зажмурил глаза. Постепенно лицо его стало дергаться, и брови взлезли на лоб; еще раз со свистом он втянул носом воздух — и чихнул так громко и звучно, что на секунду не слышно стало воробьев. — Вот, брат, история, — сказал он, приводя нос в порядок и моргая глазами, — с утра нынче чкаю. Как поднимешь морду в упор солнца, так и чкнешь. Алексей Степанович выскочил в дверь, чуть не стукнувшись головой о низкую притолоку — и остановился: перед самыми его ногами стояла вода, уже окружившая ракиту, и по ней тихо плыли и кружились грязные соломинки навоза, смытого со двора."
4,Андреев,0," ﻿I

Уже четыре недели жил он в доме — и четыре недели в доме царили страх и беспокойство. Все старались говорить и поступать так, как они всегда поступали и говорили, и не замечали того, что речи их звучат глуше, что глаза их смотрят виновато и тревожно и часто оборачиваются в ту сторону, где находится отведенная ему комната. В противоположном от нее конце дома они ступали ногами неестественно-громко и так же неестественно-громко смеялись, но, когда им случалось проходить мимо белых дверей, которые весь день были заперты изнутри и так глухи, точно за ними не было ничего живого, они умеряли шаг, а все тело их подавалось в сторону, словно в ожидании удара. И хотя проходившие становились на пол всей ногой, но шаг их был более легок и более беззвучен, чем если бы они шли на цыпочках. И никто не называл его по имени, а просто словом «он», и так как все каждую минуту думали о нем, то это неопределенное название представлялось более ясным, чем полное имя, и никогда не заставляло переспрашивать. Почему-то казалось непочтительным и фамильярным звать его, как зовут других; слово же «он» точно и резко выражало страх, который внушала его высокая, сумрачная фигура. И только одна старая бабушка, которая жила наверху, звала его Колей, но и она испытывала напряженное состояние страха и ожидания беды, охватившее весь дом, и часто плакала. Однажды она спросила горничную Катю, почему барышня не играет сегодня на фортепьяно, но Катя удивленно взглянула на нее и не ответила, а, уходя, покачала головой, точно не одобряла самого вопроса. Пришел он в серый ноябрьский полдень, когда все были дома и сидели за чаем, кроме Пети, давно уже ушедшего в гимназию. На дворе было холодно, и низко нависшие плотные тучи сеяли дождь, так что, несмотря на большие окна, в высоких комнатах было темно, а в некоторых горел даже огонь. Звонок его был резкий и властный, и сам Александр Антонович вздрогнул; он подумал, что явился кто-нибудь из важных посетителей, и медленно пошел навстречу, сделав на своем полном и серьезном лице приветливо-ласковую улыбку. Но она тотчас исчезла, когда в полутьме прихожей он увидел бедно и грязно одетого человека, перед которым в смущении стояла горничная, робко загораживая ему путь. Вероятно, с вокзала он шел пешком и только местами ехал на конке, потому что коротенькое потертое пальто его было мокро, а брюки внизу забрызганы и стояли коробом от воды и грязи. И голос его был хриплый, грубый, не то от сырости и простуды, не то от долгого молчания в тряском вагоне. — Чего молчите? Дома, спрашиваю вас, Александр Антоныч Барсуков? — повторил вошедший свой вопрос. Но отозвался Александр Антонович. Не входя в переднюю, он вполоборота взглянул на человека, которого счел за одного из бесчисленных просителей, и строго сказал:

— Вам что здесь нужно? — Не узнал, отец? — насмешливо, но с дрожью в голосе спросил вошедший. — А ведь я Николай, по отчеству Александрыч. — Какой… Николай? — отступил на шаг Александр Антонович. Но, спрашивая, он уже знал, какой Николай стоит перед ним. Важность исчезла с его лица, и оно стало бледно страшной старческой бледностью, похожей на смерть, и руки поднялись к груди, откуда внезапно вышел весь воздух. Следующим порывистым движением обе руки обняли Николая, и седая холеная борода прикоснулась к черной мокрой бородке, и старческие, отвыкшие целовать губы искали молодых свежих губ и с ненасытной жадностью впивались в них. — Погоди, отец, дай раздеться, — мягко говорил Николай. — Простил? Простил? — дрожал всем телом Александр Антонович. — Ну, что за глупости! — сурово и строго сказал Николай, отстраняя отца. — Какое еще там прощение? Когда они входили в столовую, Александру Антоновичу было стыдно своего порыва, которому с такой неудержимой силой отдалось его доброе сердце. Но радость от свидания, хотя и отравленная, бурлила в груди и искала выхода, и вид сына, который пропадал неведомо где в течение целых семи лет, делала его походку быстрой и молодой и движения порывистыми и несолидными. И он искренне рассмеялся, когда Николай остановился перед сестрой и, потирая озябшие руки, спросил:

— А эта барышня — сестрица, что ли? Ниночка, семнадцатилетняя девушка, бледненькая и худенькая, стояла у своего места и смущенно перебирала по столу пальцами, устремив на брата большие испуганные глаза. Она догадалась, что это Николай, которого она помнила больше, чем сам отец, и теперь не знала, что делать. И когда Николай, вместо поцелуя, пожал ей руку, она ответила крепким пожатием и чуть, по-институтски, не присела. — А это господин студент Андрей Егорыч — Петькин репетитор, — знакомил Александр Антонович. — Петька? — удивился Николай. — Да он уже учится! Важно! Потом его познакомили с остролицей дамой, которая наливала чай и которую называли просто Анной Ивановной, и потом все стали жадно рассматривать его, пока он в свою очередь оглядывал комнату, желая узнать, все ли так, как было семь лет тому назад. Было в нем что-то странное, не поддающееся определению. Высоким ростом, гордым поворотом головы, пронзительным взглядом черных глаз из-под крутых, выпуклых бровей, он напоминал молодого орла. Дикостью и свободой веяло от его прихотливо разметавшихся волос; трепетной грацией хищника, выпускающего когти, дышали все его движения, уверенные, легкие, бесшумные; и руки без колебаний находили и брали то, что им нужно. Словно не сознавая неловкости своего положения, он смотрел в глаза каждому глубоко и спокойно, но даже и в ту минуту, когда взгляд был ласков, в нем чудилось что-то затаенное и опасное, что видится всегда в глазах ласкающегося хищника. И говорил он повелительно и просто, видимо, не обдумывая своих слов, точно это были не ошибающиеся, невольно лгущие звуки человеческой речи, а непосредственно звучала сама мысль. Чувство раскаяния не могло иметь места в душе такого человека. Но если это был орел, то перья его были сильно помяты в схватке, из которой он едва ли ушел победителем. Об этом говорило платье, носившее на себе следы ночевок, грязное, непригнанное к телу; и было в этом платье что-то неуловимо-хищное, тревожное, заставляющее всех хорошо одетых людей испытывать смутное чувство опасения. И минутами по всему статному и сильному телу пробегала мгновенная дрожь странной боязни; тогда все тело как будто становилось меньше, и казалось, что волосы на затылке поднимаются как у ощетинившегося зверя; и глаза быстро и злобно обегали всех присутствующих."
5,Бианки,1," ﻿КУЗЯ ДВУХВОСТЫЙ


Сергейке очень хотелось поймать какую-нибудь птичку, особенно кузю — большую белощёкую синицу. Уж очень они — кузи — весёлые, бойкие, смелые. Клетка у Сергейки была, а западню ему дали товарищи. На три дня дали. И в первый же день Сергейке попался в западню кузя. Сергейка принёс его домой и стал пересаживать из западни в клетку. Но кузя так бился, дрался и клевался, что Сергейка ненарочно выдрал у него несколько перьев из хвоста. И стал кузя двухвостый: сзади по бокам торчат перья вилочкой, а посредине ничего нет. Сергейка подумал: «Куда мне двухвостого! Мальчишки засмеют, скажут: «Общипанный, в суп его надо». И решил кузю выпустить и наловить других птиц. Два дня ещё оставалось у него. А кузя прыгает себе с жёрдочки на жёрдочку, перевёртывается вниз головой, как обезьяна, и долбит своим крепким клювиком зёрна. Солнце в комнату заглянет, он запоёт:
— Зин-зи-вер, зин-зи-верр! — так весело, звонко. Будто никогда и на воле не был, всегда жил в клетке. Сергей стал его выгонять из клетки, — кузя как крикнет:
— Пинь-пинь-черрр! — как зашипит на него! Пришлось выставить клетку в окно и открыть дверцу. Улетел кузя. Сергейка опять западню поставил. Утром приходит и ещё издали видит: захлопнута западня, кто-то попался. Подошёл, а в западне кузя сидит» Да не какой-нибудь, а тот самый: двухвостый! — Кузенька! — взмолился Сергейка. — Ты же мне мешаешь других птиц ловить. Один только день и остался мне ловить их. Он взял западню с кузей и пошёл прочь от дома. Шёл-шёл, пришёл в середину леса и там выпустил кузю. Кузя крикнул:
— Пинь-пинь-черрр! — И скрылся в чаще. Сергейка вернулся домой и опять поставил западню. На другой день приходит, — опять кузя двухвостый в западне! — Пинь-пинь-черррр! Чуть не расплакался Сергейка. Выгнал кузю и отнёс западню хозяевам. Прошло несколько дней, Сергейка скучал и уже стал думать: «Зачем я кузю выгнал? Хотя и двухвостый, а какой весёлый». Вдруг за окном:
— Пинь-пиньгчерррр! Сергейка открыл окно, и кузя сейчас же влетел в избу. Прилепился к потолку, перелетел на стену, увидал таракашку, тюкнул его носом и съел. И стал кузя жить в избе у Сергейки. Захочет — в клетку залетит, зёрнышек поклюёт, выкупается в ванночке и опять вылетит: Сергейка клетку не закрывал. Захочет — по всей избе летает, тараканов ищет. Склевал всех тараканов, крикнул «пинь-пинь-черр!» и улетел."
6,Бианки,1," ﻿ЛУПЛЕНЫЙ БОЧОК


Думаете, все зайцы одинаковые, все трусы? Нет, зайцы тоже разные бывают. Спросите вот моего сынишку, какого мы раз поймали скандалиста. Мы были на охоте в лесу. Втроём: сынишка, я и Джим. Джим — это собачка наша. Коротконожка, уши до земли, хвостик куцый. Замечательная охотничья собачка, хоть и старенькая: всякую дичь разыщет, на крыло поднимет, а подстреленную поймает, схватит и осторожно, не помяв ни перышка, подаст прямо в руки. Необыкновенно умный и добрый у нас Джим. С другими собаками не дерётся, никого никогда не кусает, всем знакомым людям при встрече хвостиком часто-часто машет и, знаете, так по-собачьи, приветливо улыбается. На охоте мы были сухой осенью, — уже лист с деревьев падал, а дождей больших ещё не было. В это время охотиться в лесу всего трудней: высохший лист гремит под ногами, дичь тебя далеко слышит и видит сквозь поредевший кустарник и, не допустив, улетает. Вдруг слышу — Джим залаял, залаял в кустах — и вдруг замолк. «На кого это он?»—думаю. И приготовился стрелять. Но оттуда, из кустов, никто не вылетел. А сынишка уже там — и кричит мне из кустов:
— Папа, папа, беги скорей! Кого Джим-то в плен взял! Я — к ним. И вижу:
Джим лежит врастяжку на земле, а передними лапами зайчонка прижал к листьям, держит его. Зайчонок верещит отчаянно, Джим хвостиком часто-часто виляет, а сынишка мой стоит над ними — и не знает, что ему делать. Я подошёл, взял зайчонка у Джима. Держу зайчонка двумя пальцами за шиворот, — он ещё пуще верещит, лапками от меня отбивается. Сынишка говорит:
— Это он на тебя сердится. Кричит: «Как ты смеешь меня — такого маленького — обижать!»
И вправду похоже было, что зайчонок что-то эдакое кричал. А Джим на задние лапы встал, передними мне в колени упёрся и лижет зайчонка: успокаивает его, — что, значит, не бойся, не таковские мы, ничего плохого тебе не сделаем. Тут вдруг сынишка говорит:
— Смотри, папа, у него левый бочок лупленый. Смотрю: на левом боку у зайчонка плешинка. Шерсть содрана, голая кожа — с пятак кружок. — Эге! — говорю. — Да ведь это мне знакомый зайчишка! Он у дяди Серёжи сбежал. Полезай-ка, дружок, в карман. Осторожно его под пузечко перехватил и сунул в свою охотничью куртку, в спинной карман. Такой у меня карман есть в куртке: во всю спину, а по бокам — пуговицы. Очень удобно в нём стреляную дичь носить и всякую всячину, что, бывает, на охоте попадается. Зайчонку там темно, тепло, — он и притих. И сразу мы домой пошли. По дороге мне пришлось, конечно, всё подробно рассказать сынишке, откуда я этого зайчонка знаю и отчего у него бочок лупленый. Дядя Серёжа — приятель мой, тоже охотник, живёт на краю деревни, у самого леса. Зайчонка он поймал недели три назад — совсем ещё крошкой — у себя в саду под кустом смородины. Этот зайчонок из листопадничков. У зайчих первые зайчата родятся весной, когда ещё снег корочкой — наст. И называются они н а с т о-вичками. А последние в году родятся осенью, когда уже лист с деревьев начинает падать. Их охотники так и зовут — листопадничками. Дядя Серёжа очень этому зайчонку обрадовался. Вот почему: у него, у дяди Серёжи, не так давно ощенилась дворовая собака по кличке Клеопарда. Щенят всех он ещё раньше знакомым своим обещал. А как их у матери отнимешь? И без того злющая Клеопарда — совсем с ума сойдёт, на всех начнёт кидаться. Дядя Серёжа и придумал зайчонка ей вместо щенят подложить, чтобы не скучала, не лютовала» Так и сделал. Щенята в ящике сидели. Он их оттуда взял, когда матери не было, а на их место зайчонка положил. Клеопарда пришла — щенят нет, а сидит в ящике малая зверюшка и её собачьим запахом пахнет: в ящике-то всё с её запахом. Она и не тронула зайчонка, своим признала. Утешилась им. Кости ему стала таскать, лучшие куски мяса. От такой пищи зайчонок живо бы ножки протянул, да дядя Серёжа кормил его молоком и капустой. Так и не научила Клеопарда своего приёмыша кости глодать и мясо есть — её собачью пищу. Зато научила своей собачьей храбрости. Клеопарда была отличным сторожем и к хозяйскому дому никого не допускала — ни чужого человека, ни собак. С таким злобным видом вылетала им навстречу, что редкая собака не подожмёт хвоста и не пустится наутёк, не дожидаясь, пока эта серая злюка сшибёт с ног. Ростом она была с волчицу. Зайчонок взрослел быстро. Зайчихи своих детей и двух недель не кормят. По-заячьему, двухнедельный зайчонок уже «большим» считается и должен сам себе разные вкусные травки разыскивать и прятаться от собак. Этот зайчонок, хоть ещё махонький, живо из ящика выскочил и бегал по всему двору за своей названой матерью. И во всём ей, как обезьянка, подражал. Клеопарда с места — и он за ней. Она на собаку — и он тоже. Она куснёт — и он старается куснуть собаку. А зубы у него передние — видели зайцев? — длинные, острые, ветки перегрызают. Как куснёт, — из собаки шерсть летит! Собаке не до него: только бы от Клеопарды отбиться. Он, зайчонок, и потерял всякий страх перед собаками. Как где увидит, так и несётся навстречу — кусаться. Храбрей волчонка стал. Соседские собаки все его боялись. Да вот раз забрёл на двор к дяде Серёже какой-то дальний щенок, который ни Клеопарды не знал, ни храброго её сынишку. Клеопарды тут не случилось поблизости, а зайчонок её, напившись молочка, спал на сене под ящиком. Щенок подбежал к ящику, — зайчишка. И кинулся на него. Собака, конечно, не то, что заяц. Если по-заячьи двухнедельный зайчонок уже «большим» считается, то у трёхнедельной собачонки ещё только глаза прорезаются. Она и в три месяца считается щенком. Этому щенку месяца четыре уже стукнуло от роду, и он был ещё совсем глупый. Очень хотелось ему зайца поймать. А как за дело взяться толком, он не знал — не приходилось ему ещё на охоте бывать. Он прыгнул на зайчонка и хвать его зубами за бочок! Надо бы за шиворот или ещё как, а он за бок. Ну, конечно, шерсти клок выдрал порядочный, плешинку на боку сделал, — а удержать не мог. Зайчонок как вскочит, как махнёт с перепугу через ящик — только его щенок и видел! А тут ещё Клеопарда прибежала, — пришлось щенку поскорей убираться со двора подобру-поздорову."
7,Бианки,1," ﻿ЧЬИ ЭТО НОГИ? Летал Жаворонок высоко над землёй, под самыми облаками. Поглядит вниз — сверху ему далеко видно — и поёт:

 
  Я ношусь под облаками,

  Над полями и лугами,

  Вижу всех, кто подо мной,

  Всех под солнцем и луной. Устал петь, спустился и сел на кочку отдыхать. Вылезла из-под дерева Медянка и говорит ему:
— Сверху ты всё видишь, — это правда. А вот снизу никого не узнаешь. — Как это может быть? — удивился Жаворонок. — Непременно узнаю. — А вот иди ложись со мной рядом. Я тебе буду снизу всех показывать, а ты отгадывай, кто идёт. — Ишь какая! — говорит Жаворонок. — Я к тебе пойду, а ты меня ужалишь. Я змей боюсь. — Вот и видно, что ты ничего земного не знаешь, — сказала Медянка. — Первое — я не змея, а просто ящерица; а второе — змеи не жалят, а кусают. Змей-то и я боюсь: зубы у них такие длинные, и в зубах — яд. А у меня гляди-ка: малюсенькие зубки. Я ими не то что от змеи, от тебя и то не отобьюсь. — А где же у тебя ноги, если ты ящерица? — Да зачем мне ноги, если я по земле ползаю не хуже змеи? — Ну, если вправду ты — безногая ящерица, — сказал Жаворонок, — так мне бояться нечего. Соскочил с кочки, лапки под себя поджал и лёг рядом с Медянкой. Вот лежат они рядышком. Медянка и спрашивает:
— Ну-ка, ты, верхогляд, узнавай, кто идёт и зачем он сюда пожаловал? Взглянул Жаворонок перед собой и обмер: идут по земле высоченные ноги, через большие кочки, как через малые комочки земли, шагают, пальцами в землю след вдавливают. Перешагнули ноги через Жаворонка и пропали: не видать больше. Медянка на Жаворонка посмотрела и улыбнулась во весь рот. Облизнула сухие губы тонким язычком и говорит:
— Ну, друг, видно, не разгадал ты моей загадки. Кабы ты знал, кто через нас шагнул, так не испугался бы. Я вот лежу и смекаю: две ноги высоких, пальцев на каждой счётом три больших, один маленький. И знаю уж: птица идёт большая, высокая, по земле гулять любит — хороши ходули для ходьбы. Так оно и есть: Журавль это прошёл. Тут Жаворонок встрепенулся весь от радости: Журавль ему знакомый был. Спокойная птица, добрая — не обидит. — Лежи, не пляши! — зашипела на него Медянка. — Гляди: опять ноги идут. И верно: ковыляют по земле голые ноги, неизвестно чьи. Пальцы словно лоскутами клеёнки обшиты. . — Отгадывай! — говорит Медянка. Жаворонок думал-думал, — никак не может припомнить, чтобы прежде такие ноги видел. — Эх ты! — засмеялась Медянка. — Да ведь это совсем просто отгадать. Видишь: пальцы широкие, ноги плоские, по земле идут — спотыкаются. Вот в воде с ними удобно: повернёшь ногу боком — она воду как ножом режет; растопыришь пальцы, — и весло готово. Это Чомга-нырец — водяная такая птица — из озера вылезла. Вдруг упал с дерева чёрный комок шерсти, приподнялся с земли и пополз на локтях. Присмотрелся Жаворонок, а это вовсе не локти, а сложенные крылья. Повернулся комок боком — сзади у него цепкие звериные лапки и хвост, а между хвостом и лапками кожа натянута. — Вот чудеса! — сказал Жаворонок. — Кажется, крылатая тварь, как и я, а на земле узнать её никак не могу. — Ага! — обрадовалась Медянка, — не можешь узнать. Хвастался, что под луной всех знаешь, а Летучей-то Мыши и не узнал. Тут Летучая Мышь вскарабкалась на кочку, расправила крылья и улетела к себе на дерево. А уж из-под земли другие ноги лезут. Страшные лапы: короткие, мохнатые, на пальцах тупые когти, жёсткие ладошки в разные стороны вывернуты. Затрепетал Жаворонок, а Медянка говорит:
— Лежу, гляжу и смекаю: лапы в шерсти — значит, звериные. Короткие, как обрубки, и ладошками врозь, а на толстых пальцах когтищи здоровые. На таких ногах по земле шагать трудно. А вот под землёй жить, землю лапами рыть да назад её за собой отбрасывать— очень даже удобно. Вот вышло у меня: подземный зверь. Крот называется. Гляди, гляди, а то он сейчас опять под землю уйдёт. Зарылся Крот в землю — и опять нет никого. Не успел Жаворонок в себя прийти, глядь: бегут по земле руки. — Это что за акробат? — удивился Жаворонок. — Зачем ему четыре руки? — А по веткам в лесу прыгать, — сказала Медянка. — Ведь это же Белка-Векша. — Ну, — говорит Жаворонок, — твоя взяла: никого я на земле не узнал. Дай-ка теперь я тебе загадку загадаю. — Загадывай, — говорит Медянка. — Видишь в небе тёмную точку? — Вижу, — говорит Медянка. — Отгадай, какие у неё ноги? — Да ты шутишь! — говорит Медянка. — Где ж мне так высоко ноги разглядеть? — Какие тут шутки! — рассердился Жаворонок. — Уноси свой хвост подобру-поздорову, пока не сгребли тебя эти когтистые лапы. Кивнул Медянке на прощанье, вскочил на лапки и улетел,"
8,Бианки,1," ﻿СКАЗКИ ЗВЕРОЛОВА






 ЛЮЛЯ


— Прежде земли вовсе не было, — рассказывает хант-зверолов. — Только одно море было. Звери и птицы жили на воде и детей выводили на воде. И это было очень неудобно. Вот раз собрались звери и птицы со всех концов моря, устроили общее собрание. Председателем выбрали большого-большого Кита. И стали думать, как беде помочь. Долго спорили, шумели, наконец постановили: достать со дна моря щепотку земли и сделать из неё большие острова. И тогда на земле жить, и детей выводить на земле. Хорошо придумали. А как земли достать со дна, — не знают. Море-то ведь глубокое, не донырнёшь до дна. Стали звери и птицы рыб просить:
— Принесите нам, рыбы, щепотку земли со дна,
— А вам зачем? — спрашивают рыбы. — Острова делать. — Нет, — говорят рыбы, — не дадим вам земли острова делать. Нам без островов лучше жить: плыви, куда хочешь. Стали звери и птицы Кита просить:
— Ты из нас самый сильный и большой зверь. Ты председатель наш. Понатужься — нырни на дно. Собрание просит, — нельзя отказываться. Набрал Кит воздуху, ударил хвостом по воде — нырнул. Пошли по морю волны, закачались на них звери и птицы. Ждут-пождут, — нет Кита. Только большие пузыри из воды выскакивают да с треском лопаются. И волны улеглись. Вдруг забурлила вода, всколыхнулось море — выкинуло Кита высоко в воздух. Упал Кит назад в воду, выпустил из ноздрей две струи. — Нет, — говорит, — не достать мне до дна. Очень уж я толстый, не пускает меня вода. Загрустили звери и птицы: уж если Кит не может достать, — кто же достанет? Собрались все в круг, молчат, горюют. Вдруг выплывает в середину круга востроносенькая птица. — Давайте, — говорит, — я попробую. Может быть, я донырну до дна. Посмотрели звери и птицы: да ведь это Люля-Нырец! Ростом с малую уточку. На головке рожки из перьев торчат. Зашумели, рассердились звери и птицы:
— Ты, Люля, смеёшься над нами! Кита-великана море, как щепку, выкинуло. А уж тебя-то, слабенькую, разом расплющит. — А может быть, и ничего, — говорит Люля. — Попробую. И как сидела на воде, так и ушла под воду: только голову опустила — и нет Люли. Даже ряби на волнах не осталось. Ждут-пождут звери и птицы — нет Люли. И море спокойно, только белые пузырики из воды выскакивают и лопаются без шума. Вдруг на том месте, где Люля нырнула, опять она сидит. А когда вынырнула, — никто и не заметил. Сидит, дышит тяжело. Зашумели, засмеялись звери и птицы:
— Где тебе, Люля, до дна достать! Маленькая ты, слабенькая ты, а с Китом тягаться хочешь. А Люля молчит. Отдышалась, отдохнула — опять под воду ушла. Ждут-пождут звери и птицы, смотрят на воду — нет Люли. И море спокойно, только розовые пузырьки из воды выскакивают, лопаются без шума. Вдруг на том месте, где Люля нырнула, опять она сидит. А когда вынырнула, — никто и не заметил. Сидит, тяжело дышит. И глаза у неё розовые стали, и на клюве розовый от крови пузырик. Зашумели звери и птицы: жалко им стало маленькую Люлю. — Довольно, — говорят, — ты для нас постаралась. Отдыхай теперь. Всё равно не достать земли со дна моря. А Люля молчит. Отдышалась, отдохнула — опять под воду ушла. Ждут-пождут звери и птицы, смотрят на воду — нет Люли. И море спокойно. Только красные пузырики из воды выскакивают, лопаются без шума. Зашептали звери и птицы:
— Красные пузырики пошли — это кровь Люлина. Раздавило море Люлю. Не видать нам больше Люли. Вдруг видят: глубоко в воде, под тем местом, где Люля сидела, что-то тёмное мелькает, приближается. Ближе, ближе, — и всплыла наверх Люля ножками кверху. Подхватили её звери и птицы, перевернули, посадили на воду ножками вниз и видят: сидит Люля, еле дышит. Глаза у неё красной кровью налились, на клюве — красный кровяной пузырик, а в клюве — щепотка земли со дна морского. Обрадовались звери и птицы, взяли у Люли щепотку земли и сделали большие острова. А маленькой Люле за то, что землю достала со дна моря, постановили дать награду: пусть в память об этом подвиге навсегда останутся у Люли глаза и клюв красивого красного цвета. На этом собрание и кончилось. И помчались звери, помчались птицы делить между собой землю. А Люля осталась сидеть, где она сидела: она не могла ещё отдышаться. Звери и птицы разобрали всю землю, до последнего клочка. Для Люли-то и не осталось места. Вот и живёт она на воде по-прежнему. Придёт пора детей выводить — соберёт камыш да ветки, что с берега в воду упали, устроит себе плотик плавучий. На нём и выводит детей. Так и плавает всю жизнь по воде. А глаза и клюв у Люли — это верно — и до наших дней красные остались. КУЗЯР-БУРУНДУК И ИНОЙКА-МЕДВЕДЬ


Прежде Кузяр-Бурундук был весь жёлтый, как кедровый орешек без скорлупки. Жил он — никого не боялся, ни от кого не прятался, бегал, где хотел. Да раз ночью поспорил с Инойкой — Медведем. А маленькому с большими — знаешь, как спорить: и выспоришь, да проиграешь. Спор у них был: кто первый утром солнечный луч увидит? Вот взобрались они на пригорышек и сели. Инойка-Медведь сел лицом в ту сторону, где утром из-за леса солнцу вставать. А Кузяр-Бурундук сел лицом туда, где вечером солнце зашло за лес. Спиной к спине сели и сидят — ждут. Перед Кузяром-Бурундуком высокая гора поднимается. Перед Инойкой-Медведем лежит долина гладкая. Инойка-Медведь думает:
«Вот глупый Кузяр! Куда лицом сел! Там до вечера солнца не увидишь». Сидят, молчат, глаз не смыкают. Вот стала ночь светлеть, развиднелось. Перед Инойкой-Медведем долина чёрная лежит, а небо над ней светлеет, светлеет, светлеет…
Инойка и думает:
«Вот сейчас падёт на долину первый лучик, — я и выиграл. Вот сейчас…»
А нет, всё ещё нету лучика. Ждёт Инойка, ждёт…
Вдруг Кузяр-Бурундук за спиной у него как закричит:
— Вижу, я вижу! Я первый! Удивился Инойка-Медведь: перед ним долина всё ещё тёмная. Обернулся через плечо, а позади-то макушки горы так солнцем и горят, так золотом и блещут! И Кузяр-Бурундук на задних лапках пляшет — радуется. Ой, как досадно Инойке-Медведю стало! Проспорил ведь малышу! Протянул тихонько лапу — цоп! — за шиворот Кузяра-Бурун-дука, чтоб не плясал, не дразнился. Да рванулся Кузяр-Бурундук, — так все пять медвежьих когтей и проехали у него по спине."
9,Бианки,1," ﻿ПРЯТКИ






 КОСОЙ САНЬКА


Прятки — или по-нашему, по-новгородски сказать: хоронушки, — игра не одним людям — всему свету известная. Лесом идёшь, — много глаз на тебя глядит, за каждым шагом твоим следят. А ты и не видишь, кто с тобой в прятки играет. Не дале, как прошлой осенью, один случай был у нас в колхозе. Вечером затеяли пятеро наших ребятишек — Ваня, Маня, Таня, Паня и Саня — игру у сенного сарая. Им бы спать пора ложиться: сумерки уж начинаются. Ребятишки-то все мелкие, — долго ли до беды! Как водится у нас, стали в круг, каждый свои два кулачка перед собой выставил. Сосчитались:

 
  — Шла кукушка мимо сети,

  А за нею — злые дети,

  И кричали: Ку-ку! Мяк! Убирай один кулак. На кого «мяк» выпадет, тот один кулачок убирает. Потом по второму разу считаются, по третьему, — пока у последнего один кулачок не останется. Этому, значит, водить. Водить выпало Ване. Ваня взял палочку-выручалочку, стал носом к стенке сарая, локтем глаза себе закрыл. Стоит — выкрикивает:

 
  — Раз, два, три, четыре, пять —

  Я иду искать! — Раз, два, три четыре, пять, шесть, семь, —

  Я иду совсем! — Раз, два, три, четыре… десять —

  Я иду на целый месяц. Когда всё до конца выкрикнул — палочку к стене приставил и поскорей обернулся. Ребятишки давно успели схорониться — кто куда. Никого нет. Только — глядь! — будто чьи-то босые ноги — брык! брык! — под сарай лезут, под дальний угол. И пропали там. — Вижу, вижу! — закричал Ваня — и бегом к тому углу. А в это время из-за другого угла сарая — Таня с Паней, а из-под куста — Маня. И к палочке-выручалочке. Стук, стук, стук! — и все трое «дома». Ну, да Ваня на них только рукой махнул: пускай! Одного-то он приметил, — уж этот от него не уйдёт. Добежал до угла. — Вылазь! — кричит в дыру под сараем. — Вылазь, Санька, вижу! Сам, конечно, ничего не видит, потому что под сараем яма, а в яме темно. Да ведь чьи-то ноги под сарай лезли? Лезли. Чьи же, как не Санькины? Девчонки уже все «дома». А тут сам Санька выскакивает в стороне из канавки — и бегом к палочке-выручалочке. Надо бы и Ване скорей к ней, — чтобы первому постучать, — да он растерялся. Как же так: ведь Санька под сараем сидит! И Ваня ещё раз крикнул в дыру:
— Вылазь, Санька! Всё равно — вылазь! Девчонки так со смеху и покатились. А Саня уж у палочки — стук, стук стук! — и кричит:
— Вот он — я! Води-ка в другой раз. Тут Ваня опомнился. А от угла не идёт. — Ребята, — говорит, — тут что-то не так. Тут с нами ещё кто-то в хоронушки играет. Вот сюда залез, — я своими глазами видел. Ребятишки к нему. Он стоит белый, как берёза, глаза большие, и шепчет:
— Вот тут, вот тут сидит… Я ноги видел. Лезет — ногами брыкается. Ребятишкам стало не по себе. Сумерки гуще. Лес рукой подать — и стоит тёмный, страшный. В лесу — волки, медведи и — как знать? — кто ещё. Неизвестно, кто под сарай забрался. Сидит там…
Санька — боевой парнишка — как крикнет толстым голосом:
— Кто там в яме? Объявись! А под сараем как шебуршнёт!.. Таня, Паня, Маня как взвизгнут, как припустят бежать! Хорошо — на меня набежали: как раз я из лесу шёл — с охоты. Еле их остановил. Рассказали мне, как всё было. Вижу — дело серьёзное. Пошёл к сараю. Девчонки за мной — издали. Саня с Ваней стоят у угла — в руках уже колья у них: хотят в яму толкать. — Обождите, — говорю. Погляжу раньше. Поставил я ружьё к стенке, опустился на четвереньки, чиркнул спичку. Батюшки светы, кто под сараем-то сидит! Я руку туда — и цоп его за уши! Уж как он ни брыкался, — так за уши и вытащил его ребятишкам. — Видали, кого струсили? Заяц, здоровый русачина! Вот глупый, куда схорониться вздумал. Косой этот всю зиму потом у девчонок в избе жил. Совсем ручной стал. Девчонки его так Санькой и прозвали. Забьётся, бывало, под печь, — спит там. А крикнуть ему: «Санька, вылазь! Вылазь, Санька!»—сейчас и выскочит. Дескать, не дадут ли капустки? Не очень-то, значит, глупый. Да уж там глупый не глупый, а тот раз маху дал: чем ему с ребятишками в хоронушки играть, под сарай лезть, сыграл бы лучше с ними в догонялки. Припустил бы назад к лесу, откуда пришёл, — кто б его догнал! Он ногастый. СИЛА НЕ БЕРЁТ


Удивляюсь я на певчих пташек: как только они на свете живут? Ни силы в них, ни весу, — пух да перо. В костях и то у них воздух. Прутиком хлестнёшь, — и дух вон. А ведь долгие годы здравствуют, ещё и песни поют — радуются. Гляди-ка, какие весёлые! Гусь — тот вон как по земле ступает. В соколе или, всё равно, в ястребе — в тех опять сила большая. Силой и берут. Добро бы ещё соловей: тот в роще живёт, в кустах. Этому есть где схорониться от ястреба. Чуть что — он в чащу — и был таков. Ну, а взять, к примеру, жаворонка. Этому куда деваться, когда кругом чистое поле? Хорошо там, если трава или рожь стоит в поле, — человека за ней не видать. А вот как я нынче полем шёл: хлеб-то машиной сжат весь подчистую. Мыши схорониться — и то негде. И бежит впереди меня по дороге жавороночек, по-нашему сказать: пахарёк. Люблю я эту пташку, хоть и всего-то в ней — ничего, песня одна. А уж как по весне обрадует, когда в лесу ещё зима полная, а он уж, пахарёк-то, над полем, над первой проталиной вьётся — песни своей серебро с поднебесья рассыпает. Иду я, конечно, по дороге по просёлочной — и он впереди меня бежит. Пробежит, пробежит — и станет. Подойду, — он дальше. И слетел. Слетел и ввысь забирает. Крылышками, гляжу, мелкомелко затрепетал — вот-вот запоёт. «А почему, — думаю, — ему и не запеть? День-то, гляди, какой тёплый да ласковый. На небе ни соринки, солнышко славно припекает, — даже пыль у меня из-под ног. Так, может, он лето вспомнил, гнёздышко свое тёплое во ржи». Пахарёк и вправду запел. Да на свою голову. Лучше б по сторонам глядел. Я-то ещё издали приметил а мчится на него лютый враг — крылья серпом — соколок-белогорлик. Я даже крикнул пахарьку-то:
— Глянь, летит!.. Будто он человеческие слова понимать может. Увидел, конечно, и он врага своего, да уж поздно: куда в чистом поле от быстрокрылого сокола денешься?"
10,Булгаков,2," I

Давно уже отмечено умными людьми, что счастье — как здоровье: когда оно налицо, его не замечаешь. Но когда пройдут годы, — как вспоминаешь о счастье, о, как вспоминаешь! Что касается меня, то я, как выяснилось это теперь, был счастлив в 1917 году, зимой. Незабываемый, вьюжный, стремительный год! Начавшаяся вьюга подхватила меня, как клочок изорванной газеты, и перенесла с глухого участка в уездный город[1]. Велика штука, подумаешь, уездный город? Но если кто-нибудь подобно мне просидел в снегу зимой, в строгих и бедных лесах летом, полтора года, не отлучаясь ни на один день, если кто-нибудь разрывал бандероль на газете от прошлой недели с таким сердечным биением, точно счастливый любовник голубой конверт, ежели кто-нибудь ездил на роды за восемнадцать верст в санях, запряженных гуськом, тот, надо полагать, поймет меня. Уютнейшая вещь керосиновая лампа, но я за электричество! И вот я увидел их вновь, наконец, обольстительные электрические лампочки! Главная улица городка, хорошо укатанная крестьянскими санями, улица, на которой, чаруя взор, висели — вывеска с сапогами, золотой крендель, красные флаги, изображение молодого человека со свиными и наглыми глазками и с абсолютно неестественной прической, означавшей, что за стеклянными дверями помещается местный Базиль, за тридцать копеек бравшийся вас брить во всякое время, за исключением дней праздничных коими изобилует отечество мое. До сих пор с дрожью вспоминаю салфетки Базиля, салфетки, заставлявшие неотступно представлять себе ту страницу в германском учебнике кожных болезней, на которой с убедительной ясностью изображен твердый шанкр на подбородке у какого-то гражданина. Но и салфетки эти все же не омрачат моих воспоминаний! На перекрестке стоял живой милиционер, в запыленной витрине смутно виднелись железные листы с тесными рядами пирожных с рыжим кремом, сено устилало площадь, и шли, и ехали, и разговаривали, в будке торговали вчерашними московскими газетами, содержащими в себе потрясающие известия[2], невдалеке призывно пересвистывались московские поезда. Словом, это была цивилизация, Вавилон, Невский проспект. О больнице и говорить не приходится. В ней было хирургическое отделение, терапевтическое, заразное, акушерское. В больнице была операционная, в ней сиял автоклав, серебрились краны, столы раскрывали свои хитрые лапы, зубья, винты. В больнице был старший врач, три ординатора (кроме меня), фельдшера, акушерки, сиделки, аптека и лаборатория. Лаборатория, подумать только! С цейсовским микроскопом, прекрасным запасом красок. Я вздрагивал и холодел, меня давили впечатления. Немало дней прошло, пока я не привык к тому, что одноэтажные корпуса больницы в декабрьские сумерки, словно по команде, загорались электрическим светом. Он слепил меня. В ваннах бушевала и гремела вода, и деревянные измызганные термометры ныряли и плавали в них. В детском заразном отделении весь день вспыхивали стоны, слышался тонкий жалостливый плач, хриплое бульканье...
Сиделки бегали, носились...
Тяжкое бремя соскользнуло с моей души. Я больше не нес на себе роковой ответственности за все, что бы ни случилось на свете. Я не был виноват в ущемленной грыже и не вздрагивал, когда приезжали сани и привозили женщину с поперечным положением, меня не касались гнойные плевриты, требовавшие операции... Я почувствовал себя впервые человеком, объем ответственности которого ограничен какими-то рамками. Роды? — Пожалуйста, вон — низенький корпус, вон — крайнее окно, завешенное белой марлей. Там врач-акушер, симпатичный и толстый, с рыженькими усиками и лысоватый. Это его дело. Сани, поворачивайте к окну с марлей! Осложненный перелом — главный врач-хирург. Воспаление легких? — В терапевтическое отделение к Павлу Владимировичу. О, величественная машина большой больницы на налаженном, точно смазанном ходу! Как новый винт по заранее взятой мерке, и я вошел в аппарат и принял детское отделение. И дифтерит, и скарлатина поглотили меня, взяли мои дни. Но только дни. Я стал спать по ночам, потому что не слышалось более под моими окнами зловещего ночного стука, который мог поднять меня и увлечь в тьму на опасность и неизбежность. По вечерам я стал читать (про дифтерит и скарлатину, конечно, в первую голову и затем почему-то со странным интересом Фенимора Купера) и оценил вполне и лампу над столом, и седые угольки на подносе самовара, и стынущий чай, и сон после бессонных полутора лет...
Так я был счастлив в 17-м году зимой, получив перевод в уездный город с глухого вьюжного участка. II

Пролетел месяц, за ним второй и третий, 17-й год отошел, и полетел февраль 18-го. Я привык к своему новому положению и мало-помалу свой дальний участок стал забывать. В памяти стерлась зеленая лампа с шипящим керосином, одиночество, сугробы... Неблагодарный! Я забыл свой боевой пост, где я один без всякой поддержки боролся с болезнями, своими силами, подобно герою Фенимора Купера, выбираясь из самых диковинных положений. Изредка, правда, когда я ложился в постель с приятной мыслью о том, как сейчас я усну, какие-то обрывки проносились в темнеющем уже сознании. Зеленый огонек, мигающий фонарь... скрип саней... короткий стон, потом тьма, глухой вой метели в полях... Потом все это боком кувыркалось и проваливалось...
«Интересно, кто там сидит сейчас на моем месте?.. Кто-нибудь да сидит... Молодой врач вроде меня... Ну, что же, я свое высидел. Февраль, март, апрель... ну, и, скажем, май — и конец моему стажу. Значит, в конце мая я расстанусь с моим блистательным городом и вернусь в Москву. И ежели революция подхватит меня на свое крыло — придется, возможно, еще поездить... но, во всяком случае, своего участка я более никогда в жизни не увижу... Никогда... Столица... Клиника... Асфальт, огни....»
Так думал я. «...А все-таки хорошо, что я пробыл на участке... Я стал отважным человеком... Я не боюсь... Чего я только не лечил?! В самом деле? А?.. Психических болезней не лечил... Ведь... верно, нет, позвольте... А агроном допился тогда до чертей... И я его лечил, и довольно неудачно... Белая горячка...
Чем не психическая болезнь? Почитать надо бы психиатрию... Да ну ее... Как-нибудь впоследствии в Москве... А сейчас, в первую очередь, детские болезни... и еще детские болезни... и в особенности эта каторжная детская рецептура... Фу, черт... Если ребенку десять лет, то, скажем, сколько пирамидону ему можно дать на прием? 0,1 или 0,15?.. Забыл. А если три года?.. Только детские болезни... и ничего больше... довольно умопомрачительных случайностей! Прощай, мой участок!.. И почему мне этот участок так настойчиво сегодня вечером лезет в голову?.. Зеленый огонь... Ведь я покончил с ним расчеты на всю жизнь... Ну и довольно... Спать...»

— Вот письмо."
11,Булгаков,2," Часть первая



1
Велик был год и страшен год по рождестве Христовом 1918, от начала же революции второй. Был он обилен летом солнцем, а зимою снегом, и особенно высоко в небе стояли две звезды: звезда пастушеская – вечерняя Венера и красный, дрожащий Марс.Но дни и в мирные и в кровавые годы летят как стрела, и молодые Турбины не заметили, как в крепком морозе наступил белый, мохнатый декабрь. О, елочный дед наш, сверкающий снегом и счастьем! Мама, светлая королева, где же ты?Через год после того, как дочь Елена повенчалась с капитаном Сергеем Ивановичем Тальбергом, и в ту неделю, когда старший сын, Алексей Васильевич Турбин, после тяжких походов, службы и бед вернулся на Украину в Город, в родное гнездо, белый гроб с телом матери снесли по крутому Алексеевскому спуску на Подол, в маленькую церковь Николая Доброго, что на Взвозе.Когда отпевали мать, был май, вишневые деревья и акации наглухо залепили стрельчатые окна. Отец Александр, от печали и смущения спотыкающийся, блестел и искрился у золотеньких огней, и дьякон, лиловый лицом и шеей, весь кованозолотой до самых носков сапог, скрипящих на ранту, мрачно рокотал слова церковного прощания маме, покидающей своих детей.Алексей, Елена, Тальберг и Анюта, выросшая в доме Турбиной, и Николка, оглушенный смертью, с вихром, нависшим на правую бровь, стояли у ног старого коричневого святителя Николы. Николкины голубые глаза, посаженные по бокам длинного птичьего носа, смотрели растерянно, убито. Изредка он возводил их на иконостас, на тонущий в полумраке свод алтаря, где возносился печальный и загадочный старик бог, моргал. За что такая обида? Несправедливость? Зачем понадобилось отнять мать, когда все съехались, когда наступило облегчение?Улетающий в черное, потрескавшееся небо бог ответа не давал, а сам Николка еще не знал, что все, что ни происходит, всегда так, как нужно, и только к лучшему.Отпели, вышли на гулкие плиты паперти и проводили мать через весь громадный город на кладбище, где под черным мраморным крестом давно уже лежал отец. И маму закопали. Эх… эх…Много лет до смерти, в доме №13 по Алексеевскому спуску, изразцовая печка в столовой грела и растила Еленку маленькую, Алексея старшего и совсем крошечного Николку. Как часто читался у пышущей жаром изразцовой площади «Саардамский Плотник», часы играли гавот, и всегда в конце декабря пахло хвоей, и разноцветный парафин горел на зеленых ветвях. В ответ бронзовым, с гавотом, что стоят в спальне матери, а ныне Еленки, били в столовой черные стенные башенным боем. Покупал их отец давно, когда женщины носили смешные, пузырчатые у плеч рукава. Такие рукава исчезли, время мелькнуло, как искра, умер отецпрофессор, все выросли, а часы остались прежними и били башенным боем. К ним все так привыкли, что, если бы они пропали какнибудь чудом со стены, грустно было бы, словно умер родной голос и ничем пустого места не заткнешь. Но часы, по счастью, совершенно бессмертны, бессмертен и Саардамский Плотник, и голландский изразец, как мудрая скала, в самое тяжкое время живительный и жаркий.Вот этот изразец, и мебель старого красного бархата, и кровати с блестящими шишечками, потертые ковры, пестрые и малиновые, с соколом на руке Алексея Михайловича, с Людовиком XIV, нежащимся на берегу шелкового озера в райском саду, ковры турецкие с чудными завитушками на восточном поле, что мерещились маленькому Николке в бреду скарлатины, бронзовая лампа под абажуром, лучшие на свете шкапы с книгами, пахнущими таинственным старинным шоколадом, с Наташей Ростовой, Капитанской Дочкой, золоченые чашки, серебро, портреты, портьеры, – все семь пыльных и полных комнат, вырастивших молодых Турбиных, все это мать в самое трудное время оставила детям и, уже задыхаясь и слабея, цепляясь за руку Елены плачущей, молвила:– Дружно… живите.Но как жить? Как же жить?Алексею Васильевичу Турбину, старшему – молодому врачу – двадцать восемь лет. Елене – двадцать четыре. Мужу ее, капитану Тальбергу – тридцать один, а Николке – семнадцать с половиной. Жизньто им как раз перебило на самом рассвете. Давно уже начало мести с севера, и метет, и метет, и не перестает, и чем дальше, тем хуже. Вернулся старший Турбин в родной город после первого удара, потрясшего горы над Днепром. Ну, думается, вот перестанет, начнется та жизнь, о которой пишется в шоколадных книгах, но она не только не начинается, а кругом становится все страшнее и страшнее. На севере воет и воет вьюга, а здесь под ногами глухо погромыхивает, ворчит встревоженная утроба земли. Восемнадцатый год летит к концу и день ото дня глядит все грознее и щетинистей.Упадут стены, улетит встревоженный сокол с белой рукавицы, потухнет огонь в бронзовой лампе, а Капитанскую Дочку сожгут в печи. Мать сказала детям:– Живите.А им придется мучиться и умирать.Както, в сумерки, вскоре после похорон матери, Алексей Турбин, придя к отцу Александру, сказал:– Да, печаль у нас, отец Александр. Трудно маму забывать, а тут еще такое тяжелое время… Главное, ведь только что вернулся, думал, наладим жизнь, и вот…Он умолк и, сидя у стола, в сумерках, задумался и посмотрел вдаль. Ветви в церковном дворе закрыли и домишко священника. Казалось, что сейчас же за стеной тесного кабинетика, забитого книгами, начинается весенний, таинственный спутанный лес. Город повечернему глухо шумел, пахло сиренью.– Что сделаешь, что сделаешь, – конфузливо забормотал священник. (Он всегда конфузился, если приходилось беседовать с людьми.) – Воля божья.– Может, кончится все это когданибудь? Дальшето лучше будет? – неизвестно у кого спросил Турбин.Священник шевельнулся в кресле.– Тяжкое, тяжкое время, что говорить, – пробормотал он, – но уныватьто не следует…Потом вдруг наложил белую руку, выпростав ее из темного рукава ряски, на пачку книжек и раскрыл верхнюю, там, где она была заложена вышитой цветной закладкой.– Уныния допускать нельзя, – конфузливо, но както очень убедительно проговорил он. – Большой грех – уныние… Хотя кажется мне, что испытания будут еще. Как же, как же, большие испытания, – он говорил все увереннее. – Я последнее время все, знаете ли, за книжечками сижу, по специальности, конечно, больше все богословские…Он приподнял книгу так, чтобы последний свет из окна упал на страницу, и прочитал:– «Третий ангел вылил чашу свою в реки и источники вод; и сделалась кровь». 2
Итак, был белый, мохнатый декабрь. Он стремительно подходил к половине. Уже отсвет рождества чувствовался на снежных улицах. Восемнадцатому году скоро конец.Над двухэтажным домом №13, постройки изумительной (на улицу квартира Турбиных была во втором этаже, а в маленький, покатый, уютный дворик – в первом), в саду, что лепился под крутейшей горой, все ветки на деревьях стали лапчаты и обвисли."
12,Булгаков,2," ﻿ЧАСТЬ ПЕРВАЯ

		...Так кто ж ты, наконец? – Я – часть той силы,
		что вечно хочет
		зла и вечно совершает благо. Гете. «Фауст»



Глава 1

Никогда не разговаривайте с неизвестными

Однажды весною, в час небывало жаркого заката, в Москве, на Патриарших прудах, появились два гражданина. Первый из них, одетый в летнюю серенькую пару, был маленького роста, упитан, лыс, свою приличную шляпу пирожком нес в руке, а на хорошо выбритом лице его помещались сверхъестественных размеров очки в черной роговой оправе. Второй – плечистый, рыжеватый, вихрастый молодой человек в заломленной на затылок клетчатой кепке – был в ковбойке, жеваных белых брюках и в черных тапочках. Первый был не кто иной, как Михаил Александрович Берлиоз, председатель правления одной из крупнейших московских литературных ассоциаций, сокращенно именуемой МАССОЛИТ, и редактор толстого художественного журнала, а молодой спутник его – поэт Иван Николаевич Понырев, пишущий под псевдонимом Бездомный. Попав в тень чуть зеленеющих лип, писатели первым долгом бросились к пестро раскрашенной будочке с надписью «Пиво и воды». Да, следует отметить первую странность этого страшного майского вечера. Не только у будочки, но и во всей аллее, параллельной Малой Бронной улице, не оказалось ни одного человека. В тот час, когда уж, кажется, и сил не было дышать, когда солнце, раскалив Москву, в сухом тумане валилось куда-то за Садовое кольцо, – никто не пришел под липы, никто не сел на скамейку, пуста была аллея. – Дайте нарзану, – попросил Берлиоз. – Нарзану нету, – ответила женщина в будочке и почему-то обиделась. – Пиво есть? – сиплым голосом осведомился Бездомный. – Пиво привезут к вечеру, – ответила женщина. – А что есть? – спросил Берлиоз. – Абрикосовая, только теплая, – сказала женщина. – Ну, давайте, давайте, давайте!.. Абрикосовая дала обильную желтую пену, и в воздухе запахло парикмахерской. Напившись, литераторы немедленно начали икать, расплатились и уселись на скамейке лицом к пруду и спиной к Бронной. Тут приключилась вторая странность, касающаяся одного Берлиоза. Он внезапно перестал икать, сердце его стукнуло и на мгновенье куда-то провалилось, потом вернулось, но с тупой иглой, засевшей в нем. Кроме того, Берлиоза охватил необоснованный, но столь сильный страх, что ему захотелось тотчас же бежать с Патриарших без оглядки. Берлиоз тоскливо оглянулся, не понимая, что его напугало. Он побледнел, вытер лоб платком, подумал: «Что это со мной? Этого никогда не было... сердце шалит... я переутомился. Пожалуй, пора бросить все к черту и в Кисловодск...»

И тут знойный воздух сгустился перед ним, и соткался из этого воздуха прозрачный гражданин престранного вида. На маленькой головке жокейский картузик, клетчатый кургузый воздушный же пиджачок... Гражданин ростом в сажень, но в плечах узок, худ неимоверно, и физиономия, прошу заметить, глумливая. Жизнь Берлиоза складывалась так, что к необыкновенным явлениям он не привык. Еще более побледнев, он вытаращил глаза и в смятении подумал: «Этого не может быть!..»

Но это, увы, было, и длинный, сквозь которого видно, гражданин, не касаясь земли, качался перед ним и влево и вправо. Тут ужас до того овладел Берлиозом, что он закрыл глаза. А когда он их открыл, увидел, что все кончилось, марево растворилось, клетчатый исчез, а заодно и тупая игла выскочила из сердца. – Фу ты черт! – воскликнул редактор, – ты знаешь, Иван, у меня сейчас едва удар от жары не сделался! Даже что-то вроде галлюцинации было, – он попытался усмехнуться, но в глазах его еще прыгала тревога, и руки дрожали. Однако постепенно он успокоился, обмахнулся платком и, произнеся довольно бодро: «Ну-с, итак...» – повел речь, прерванную питьем абрикосовой. Речь эта, как впоследствии узнали, шла об Иисусе Христе. Дело в том, что редактор заказал поэту для очередной книжки журнала большую антирелигиозную поэму. Эту поэму Иван Николаевич сочинил, и в очень короткий срок, но, к сожалению, ею редактора нисколько не удовлетворил. Очертил Бездомный главное действующее лицо своей поэмы, то есть Иисуса, очень черными красками, и тем не менее всю поэму приходилось, по мнению редактора, писать заново. И вот теперь редактор читал поэту нечто вроде лекции об Иисусе, с тем чтобы подчеркнуть основную ошибку поэта. Трудно сказать, что именно подвело Ивана Николаевича – изобразительная ли сила его таланта или полное незнакомство с вопросом, по которому он собирался писать, – но Иисус в его изображении получился ну совершенно как живой, хотя и не привлекающий к себе персонаж. Берлиоз же хотел доказать поэту, что главное не в том, каков был Иисус, плох ли, хорош ли, а в том, что Иисуса-то этого, как личности, вовсе не существовало на свете и что все рассказы о нем – простые выдумки, самый обыкновенный миф. Надо заметить, что редактор был человеком начитанным и очень умело указывал в своей речи на древних историков, например, на знаменитого Филона Александрийского, на блестяще образованного Иосифа Флавия, никогда ни словом не упоминавших о существовании Иисуса. Обнаруживая солидную эрудицию, Михаил Александрович сообщил поэту, между прочим, и о том, что то место в 15-й книге, в главе 44-й знаменитых Тацитовых «Анналов», где говорится о казни Иисуса, – есть не что иное, как позднейшая поддельная вставка. Поэт, для которого все, сообщаемое редактором, являлось новостью, внимательно слушал Михаила Александровича, уставив на него свои бойкие зеленые глаза, и лишь изредка икал, шепотом ругая абрикосовую воду. – Нет ни одной восточной религии, – говорил Берлиоз, – в которой, как правило непорочная дева не произвела бы на свет бога. И христиане, не выдумав ничего нового, точно так же создали своего Иисуса, которого на самом деле никогда не было в живых. Вот на это-то и нужно сделать главный упор...

Высокий тенор Берлиоза разносился в пустынной аллее, и по мере того, как Михаил Александрович забирался в дебри, в которые может забираться, не рискуя свернуть себе шею, лишь очень образованный человек, – поэт узнавал все больше и больше интересного и полезного и про египетского Озириса, благостного бога и сына Неба и Земли, и про финикийского бога Фаммуза, и про Мардука, и даже про менее известного грозного бога Вицлипуцли, которого весьма почитали некогда ацтеки в Мексике."
13,Булгаков,2," С оказией привезли...
— Давайте сюда. Сиделка стояла у меня в передней. Пальто с облезшим воротником было накинуто поверх белого халата с клеймом. На синем дешевом конверте таял снег. — Вы сегодня дежурите в приемном покое? — спросил я, зевая. — Я. — Никого нет? — Нет, пусто. — Ешли... (зевота раздирала мне рот, и от этого слова я произносил неряшливо), кого-нибудь привежут... вы дайте мне знать шюда... Я лягу спать...
— Хорошо. Можно иттить? — Да, да. Идите. Она ушла. Дверь визгнула, а я зашлепал туфлями в спальню, по дороге безобразно и криво раздирая пальцами конверт. В нем оказался продолговатый смятый бланк с синим штемпелем моего участка, моей больницы... Незабываемый бланк...
Я усмехнулся. «Вот интересно... весь вечер думал об участке, и вот он явился сам напомнить о себе... Предчувствие...»
Под штемпелем химическим карандашом был начертан рецепт. Латинские слова, неразборчивые, перечеркнутые...
— Ничего не понимаю... Путаный рецепт... — пробормотал я и уставился на слово «morphini...». Что, бишь, тут необычайного в этом рецепте?.. Ах да... Четырехпроцентный раствор! Кто же выписывает четырехпроцентный раствор морфия?.. Зачем?! Я перевернул листок, и зевота моя прошла. На обороте листка чернилами, вялым и разгонистым почерком было написано:

«11 февраля 1918 года. Милый collega! Извините, что пишу на клочке. Нет под руками бумаги. Я очень тяжко и нехорошо заболел. Помочь мне некому, да я и не хочу искать помощи ни у кого, кроме Вас. Второй месяц я сижу на бывшем Вашем участке, знаю, что Вы в городе и сравнительно недалеко от меня. Во имя нашей дружбы и университетских лет прошу Вас приехать ко мне поскорее. Хоть на день. Хоть на час. И если Вы скажете, что я безнадежен, я Вам поверю... А может быть, можно спастись?.. Да, может быть, еще можно спастись?.. Надежда блеснет для меня? Никому, прошу Вас, не сообщайте о содержании этого письма». — Марья! Сходите сейчас же в приемный покой и вызовите ко мне дежурную сиделку... как ее зовут?.. Ну, забыл... Одним словом, дежурную, которая мне письмо принесла сейчас. Поскорее! — Счас. Через несколько минут сиделка стояла передо мной, и снег таял на облезшей кошке, послужившей материалом для воротника. — Кто привез письмо? — А не знаю я. С бородой. Кооператор он. В город ехал, говорит. — Гм... ну ступайте. Нет, постойте. Вот я сейчас записку напишу главному врачу, отнесите, пожалуйста, и ответ мне верните. — Хорошо. Моя записка главному врачу:

«13 февраля 1918 года. Уважаемый Павел Илларионович. Я сейчас получил письмо от моего товарища по университету доктора Полякова. Он сидит на Гореловском моем бывшем участке в полном одиночестве. Заболел, по-видимому, тяжело. Считаю своим долгом съездить к нему. Если разрешите, я завтра сдам на один день отделение доктору Родовичу и съезжу к Полякову. Человек беспомощен. Уважающий Вас д-р Бомгард[3]». Ответная записка главного врача:

«Уважаемый Владимир Михайлович, поезжайте,
Петров». Вечер я провел над путеводителем по железным дорогам. Добраться до Горелова можно было таким образом: завтра выехать в два часа дня с московским почтовым поездом, проехать тридцать верст по железной дороге, высадиться на станции N, а от нее двадцать две версты проехать на санях до Гореловской больницы. «При удаче я буду в Горелове завтра ночью, — думал я, лежа в постели. — Чем он заболел? Тифом, воспалением легких? Ни тем, ни другим... Тогда бы он и написал просто: „Я заболел воспалением легких“. А тут сумбурное, чуть-чуть фальшивое письмо... „Тяжко... и нехорошо заболел...“ Чем? Сифилисом? Да, несомненно, сифилисом. Он в ужасе... он скрывает... он боится... Но на каких лошадях, интересно знать, я со станции поеду в Горелово? Плохой номер выйдет, как приедешь на станцию в сумерки, а добраться-то будет и не на чем... Ну нет. Уж я найду способ. Найду у кого-нибудь лошадей на станции. Послать телеграмму, чтоб он выслал лошадей! Ни к чему! Телеграмма придет через день после моего приезда... Она ведь по воздуху в Горелово не перелетит. Будет лежать на станции, пока не случится оказия. Знаю я это Горелово. О, медвежий угол!»
Письмо на бланке лежало на ночном столике в круге света от лампы, и рядом стояла спутница раздражительной бессонницы, с щетиной окурков, пепельница. Я ворочался на скомканной простыне, и досада рождалась в душе. Письмо начало раздражать. «В самом деле: если ничего острого, а, скажем, сифилис, то почему он не едет сюда сам? Зачем я должен нестись через вьюгу к нему? Что, я в один вечер вылечу его от люэса, что ли? Или от рака пищевода? Да какой там рак! Он на два года моложе меня. Ему двадцать пять лет... „Тяжко..."" Саркома? Письмо нелепое, истерическое. Письмо, от которого у получающего может сделаться мигрень... И вот она налицо. Стягивает жилку на виске... Утром проснешься, стало быть, и от жилки полезет вверх на темя, скует полголовы, и будешь к вечеру глотать пирамидон с кофеином. А каково в санях с пирамидоном? Надо будет у фельдшера шубу взять разъездную, замерзнешь завтра в своем пальто... Что с ним такое?.. „Надежда блеснет..."" — в романах так пишут, а вовсе не в серьезных докторских письмах!.. Спать, спать... Не думать больше об этом. Завтра все станет ясно... Завтра». Я привернул выключатель, и мгновенно тьма съела мою комнату. Спать... Жилка ноет... Но я не имею права сердиться на человека за нелепое письмо, еще не зная, в чем дело. Человек страдает по-своему, вот пишет другому. Ну, как умеет, как понимает... И недостойно из-за мигрени, из-за беспокойства порочить его хотя бы мысленно. Может быть, это и не фальшивое и не романическое письмо. Я не видел его, Сережку Полякова, два года, но помню его отлично. Он был всегда очень рассудительным человеком... Да. Значит, стряслась какая-то беда... И жилка моя легче...
Видно, сон идет. В чем механизм сна?.. Читал в физиологии... но история темная... не понимаю, что значит сон... как засыпают мозговые клетки?! Не понимаю, говорю по секрету. Да почему-то уверен, что и сам составитель физиологии тоже не очень твердо уверен... Одна теория стоит другой... Вон стоит Сережка Поляков в зеленой тужурке с золотыми пуговицами над цинковым столом, а на столе труп...
Хм, да... ну, это сон...

III

Тук, тук... Бух, бух, бух... Ага... Кто?"
14,Булгаков,2," Гору замело, засыпало сарайчики во дворе – и стала гигантская сахарная голова. Дом накрыло шапкой белого генерала, и в нижнем этаже (на улицу – первый, во двор под верандой Турбиных – подвальный) засветился слабенькими желтенькими огнями инженер и трус, буржуй и несимпатичный, Василий Иванович Лисович, а в верхнем – сильно и весело загорелись турбинские окна.В сумерки Алексей и Николка пошли за дровами в сарай.– Эх, эх, а дров до черта мало. Опять сегодня вытащили, смотри.Из Николкиного электрического фонарика ударил голубой конус, а в нем видно, что обшивка со стены явно содрана и снаружи наскоро прибита.– Вот бы подстрелить чертей! Ейбогу. Знаешь что: сядем на эту ночь в караул? Я знаю – это сапожники из одиннадцатого номера. И ведь какие негодяи! Дров у них больше, чем у нас.– А ну их… Идем. Бери.Ржавый замок запел, осыпался на братьев пласт, поволокли дрова. К девяти часам вечера к изразцам Саардама нельзя было притронуться.Замечательная печь на своей ослепительной поверхности несла следующие исторические записи и рисунки, сделанные в разное время восемнадцатого года рукою Николки тушью и полные самого глубокого смысла и значения:«Если тебе скажут, что союзники спешат к нам на выручку, – не верь. Союзники – сволочи.Он сочувствует большевикам.»Рисунок: рожа Момуса.Подпись:«Улан Леонид Юрьевич».«Слухи грозные, ужасные,Наступают банды красные!»Рисунок красками: голова с отвисшими усами, в папахе с синим хвостом.Подпись:«Бей Петлюру!»Руками Елены и нежных и старинных турбинских друзей детства – Мышлаевского, Карася, Шервинского – красками, тушью, чернилами, вишневым соком записано:«Елена Васильевна любит нас сильно,Кому – на, а кому – не.»«Леночка, я взял билет на Аиду.Бельэтаж №8, правая сторона.»«1918 года, мая 12 дня я влюбился.»«Вы толстый и некрасивый.»«После таких слов я застрелюсь.»(Нарисован весьма похожий браунинг. )«Да здравствует Россия!Да здравствует самодержавие!»«Июнь. Баркарола.»«Недаром помнит вся РоссияПро день Бородина.»Печатными буквами, рукою Николки:«Я таки приказываю посторонних вещей на печке не писать под угрозой расстрела всякого товарища с лишением прав. Комиссар Подольского райкома. Дамский, мужской и женский портной Абрам Пружинер,1918 года, 30го января.»Пышут жаром разрисованные изразцы, черные часы ходят, как тридцать лет назад: тонктанк. Старший Турбин, бритый, светловолосый, постаревший и мрачный с 25 октября 1917 года, во френче с громадными карманами, в синих рейтузах и мягких новых туфлях, в любимой позе – в кресле с ногами. У ног его на скамеечке Николка с вихром, вытянув ноги почти до буфета, – столовая маленькая. Ноги в сапогах с пряжками. Николкина подруга, гитара, нежно и глухо: трень… Неопределенно трень… потому что пока что, видите ли, ничего еще толком не известно. Тревожно в Городе, туманно, плохо…На плечах у Николки унтерофицерские погоны с белыми нашивками, а на левом рукаве остроуглый трехцветный шеврон. (Дружина первая, пехотная, третий ее отдел. Формируется четвертый день, ввиду начинающихся событий. )Но, несмотря на все эти события, в столовой, в сущности говоря, прекрасно. Жарко, уютно, кремовые шторы задернуты. И жар согревает братьев, рождает истому.Старший бросает книгу, тянется.– А нука, сыграй «Съемки»…Треньтатам… Треньтатам…Сапоги фасонные,Бескозырки тонные,То юнкераинженеры идут!Старший начинает подпевать. Глаза мрачны, но в них зажигается огонек, в жилах – жар. Но тихонько, господа, тихонько, тихонечко.Здравствуйте, дачники,Здравствуйте, дачницы…Гитара идет маршем, со струн сыплет рота, инженеры идут – ать, ать! Николкины глаза вспоминают:Училище. Облупленные александровские колонны, пушки. Ползут юнкера на животиках от окна к окну, отстреливаются. Пулеметы в окнах.Туча солдат осадила училище, ну, форменная туча. Что поделаешь. Испугался генерал Богородицкий и сдался, сдался с юнкерами. Паазор…Здравствуйте, дачницы,Здравствуйте, дачники,Съемки у нас уж давно начались.Туманятся Николкины глаза.Столбы зноя над червонными украинскими полями. В пыли идут пылью пудренные юнкерские роты. Было, было все это и вот не стало. Позор. Чепуха.Елена раздвинула портьеру, и в черном просвете показалась ее рыжеватая голова. Братьям послала взгляд мягкий, а на часы очень и очень тревожный. Оно и понятно. Где же, в самом деле, Тальберг? Волнуется сестра.Хотела, чтобы это скрыть, подпеть братьям, но вдруг остановилась и подняла палец.– Погодите. Слышите?Оборвала рота шаг на всех семи струнах: стоой! Все трое прислушались и убедились – пушки. Тяжело, далеко и глухо. Вот еще раз: буу… Николка положил гитару и быстро встал, за ним, кряхтя, поднялся Алексей.В гостиной – приемной совершенно темно. Николка наткнулся на стул. В окнах настоящая опера «Ночь под рождество» – снег и огонечки. Дрожат и мерцают. Николка прильнул к окошку. Из глаз исчез зной и училище, в глазах – напряженнейший слух. Где? Пожал унтерофицерскими плечами.– Черт его знает. Впечатление такое, что будто под Святошиным стреляют. Странно, не может быть так близко.Алексей во тьме, а Елена ближе к окошку, и видно, что глаза ее черноиспуганны. Что же значит, что Тальберга до сих пор нет? Старший чувствует ее волнение и поэтому не говорит ни слова, хоть сказать ему и очень хочется. В Святошине. Сомнений в этом никаких быть не может. Стреляют в двенадцати верстах от города, не дальше. Что за штука?Николка взялся за шпингалет, другой рукой прижал стекло, будто хочет выдавить его и вылезть, и нос расплющил.– Хочется мне туда поехать. Узнать, в чем дело…– Ну да, тебя там не хватало…Елена говорит в тревоге. Вот несчастье. Муж должен был вернуться самое позднее, слышите ли, – самое позднее, сегодня в три часа дня, а сейчас уже десять.В молчании вернулись в столовую. Гитара мрачно молчит. Николка из кухни тащит самовар, и тот поет зловеще и плюется. На столе чашки с нежными цветами снаружи и золотые внутри, особенные, в виде фигурных колонок. При матери, Анне Владимировне, это был праздничный сервиз в семействе, а теперь у детей пошел на каждый день. Скатерть, несмотря на пушки и на все это томление, тревогу и чепуху, бела и крахмальна. Это от Елены, которая не может иначе, это от Анюты, выросшей в доме Турбиных. Полы лоснятся, и в декабре, теперь, на столе, в матовой, колонной, вазе голубые гортензии и две мрачных и знойных розы, утверждающие красоту и прочность жизни, несмотря на то, что на подступах к Городу – коварный враг, который, пожалуй, может разбить снежный, прекрасный Город и осколки покоя растоптать каблуками."
