Author,Content
0,он сильно пил потерял работу и знакомых и поселился в подвале вместе с ворами и проститутками проживая последние вещи у него было больное бескровное тело изношенное в работе изъеденное страданиями и водкой и смерть уже сторожила его как хищная серая птица слепая при солнечном свете и зоркая в черные ночи днем она пряталась в темных углах а ночью бесшумно усаживалась у его изголовья и сидела долго до самого рассвета и была спокойна терпелива и настойчива когда при первых проблесках дня он высовывал из под одеяла бледную голову с глазами травимого зверя в комнатке было уже пусто но он не верил этой обманчивой пустоте которой верят другие он подозрительно оглядывал углы с хитрой внезапностью бросал взгляд за спину и потом опершись на локти внимательно и долго смотрел перед собой в тающую тьму уходящей ночи и тогда он видел то чего никогда не видят другие колыхание серого огромного тела бесформенного и страшного оно было прозрачно охватывало все и предметы в нем были как за стеклянной стеной но теперь он не боялся его и оставляя холодный след оно уходило до следующей ночи на короткое время он забывался и сны приходили к нему страшные и необыкновенные он видел белую комнату с белым полом и стенами освещенную белым ярким светом и черную змею которая выползала из под двери с легким шуршанием похожим на смех прижав к полу острую плоскую голову и извиваясь она быстро выскальзывала куда то пропадала и опять в отверстии под дверью показывался ее приплюснутый черный нос и черной лентой вытягивалось тело и опять и опять раз он увидел во сне что то веселое и засмеялся но звук получился странный похожий на подавленное рыдание и было страшно его слушать где то в безвестной глубине смеется не то плачет душа в то время когда тело неподвижно как у мертвого постепенно в его сознание начинали входить звуки рождающегося дня глухой говор прохожих отдаленный скрип двери громыхание дворницкой метлы сметающей снег с подоконника весь неопределенный гул просыпающегося большого города и тогда наступало для него самое ужасное беспощадно светлое сознание что пришел новый день и скоро ему нужно вставать чтобы бороться за жизнь без надежды на победу нужно жить он поворачивался спиной к свету набрасывал на голову одеяло чтобы ни малейший луч не мог проникнуть в его глаза сжимался в маленький комок подтягивая ноги к самому подбородку и так лежал неподвижно боясь пошевелиться и протянуть ноги целой горой лежала на нем одежда которою он укрывался от подвальной стужи но он не чувствовал ее тяжести и тело его было холодно и при каждом звуке говорившем о жизни он казался себе огромным и открытым сжимался еще больше и беззвучно стонал не голосом и не мыслью так как теперь он боялся собственного голоса и собственных мыслей он молился кому то чтобы день не приходил и ему всегда можно было лежать под грудой тряпья не шевелясь и не мысля и напрягал всю волю чтобы удержать идущий день и уверить себя что ночь еще продолжается и больше всего в мире ему хотелось чтобы кто нибудь сзади приложил револьвер к затылку к тому месту где чувствуется углубление и выстрелил а день развертывался широкий неудержимый властно зовущий к жизни и весь мир начинал двигаться говорить работать и думать в подвале первой просыпалась хозяйка старуха матрена имевшая двадцатипятилетнего любовника и начинала топать по кухне стучать ведрами и возиться над чем то у самых дверей хижнякова он чувствовал ее приближение и замирал решаясь не отзываться если она его позовет но она молчала и куда то уходила а потом часа через два просыпались двое других жильцов гулящая девушка дуняша и любовник старухи абрам петрович так почтительно несмотря на молодость звали его все потому что он был смелый
0,когда поздней ночью он звонил у своих дверей первым звуком после колокольчика был звонкий собачий лай в котором слышались и боязнь чужого и радость что это идет свой потом доносилось шлепанье калош и скрип снимаемого крючка он входил и раздевался в темноте чувствуя недалеко от себя молчаливую женскую фигуру а колена его ласково царапали когти собаки и горячий язык лизал застывшую руку ну что спрашивал заспанный голос тоном официального участия ничего устал коротко отвечал владимир михайлович и шел в свою комнату за ним стуча когтями по вощеному полу шла собака и вспрыгивала на кровать когда свет зажженной лампы наполнял комнату взор владимира михайловича встречал упорный взгляд черных глаз собаки они говорили приди же приласкай меня и чтобы сделать это желание более понятным собака вытягивала передние лапы клала на них боком голову а зад ее потешно поднимался и хвост вертелся как ручка у шарманки друг ты мой единственный говорил владимир михайлович и гладил черную блестящую шерсть точно от полноты чувства собака опрокидывалась на спину скалила белые зубы и легонько ворчала радостная и возбужденная а он вздыхал ласкал ее и думал что нет больше на свете никого кто любил бы его если владимир михайлович возвращался рано и не уставал от работы он садился писать и тогда собака укладывалась комочком где нибудь на стуле возле него изредка открывала один черный глаз и спросонья виляла хвостом и когда взволнованный процессом творчества измученный муками своих героев задыхающийся от наплыва мыслей и образов он ходил по комнате и курил папиросу за папиросой она следила за ним беспокойным взглядом и сильнее виляла хвостом будем мы с тобой знамениты васюк спрашивал он собаку и та утвердительно махала хвостом будем тогда печенку есть ладно ладно отвечала собака и сладко потягивалась она любила печенку у владимира михайловича часто собирались гости тогда его тетка с которой он жил добывала у соседей посуду поила чаем ставя самовар за самоваром ходила покупать водку и колбасу и тяжело вздыхала доставая со дна кармана засаленный рубль в накуренной комнате звучали громкие голоса спорили смеялись говорили смешные и острые вещи жаловались на свою судьбу и завидовали друг другу советовали владимиру михайловичу бросить литературу и заняться другим более выгодным делом одни говорили что ему нужно лечиться другие чокались с ним рюмками и говорили о вреде водки для его здоровья он такой больной постоянно нервничающий оттого у него припадки тоски оттого он ищет в жизни невозможного все говорили с ним на ты и в голосе их звучало участье и они дружески звали его с собой ехать за город продолжать попойку и когда он веселый кричащий больше всех и беспричинно смеющийся уезжал его провожали две пары глаз серые глаза тетки сердитые и упрекающие и черные беспокойно ласковые глаза собаки он не помнил что он делал когда пил и когда к утру возвращался домой выпачканный в грязи и мелу и потерявший шляпу передавали ему что во время попойки он оскорблял друзей а дома обижал тетку которая плакала и говорила что не выдержит такой жизни и удавится и мучил собаку за то что она не идет к нему ласкаться когда же она испуганная и дрожащая скалила зубы то бил ее ремнем наступал следующий день все уже кончали свою дневную работу а он просыпался больной и страдающий сердце неровно колотилось в груди и замирало наполняя его страхом близкой смерти руки дрожали за стеной в кухне стучала тетка и звук ее шагов разносился по пустой и холодной квартире она не заговаривала с владимиром михайловичем и молча подавала ему воду суровая непрощающая и он молчал смотрел на потолок в одно давно им замеченное пятнышко и думал что он сжигает свою жизнь и никогда у него не будет ни славы ни счастья он сознавал себя
0,временами сашке хотелось перестать делать то что называется жизнью не умываться по утрам холодной водой в которой плавают тоненькие пластинки льда не ходить в гимназию не слушать там как все его ругают и не испытывать боли в пояснице и во всем теле когда мать ставит его на целый вечер на колени но так как ему было тринадцать лет и он не знал всех способов какими люди перестают жить когда захотят этого то он продолжал ходить в гимназию и стоять на коленках и ему казалось что жизнь никогда не кончится пройдет год и еще год и еще год а он будет ходить в гимназию и стоять дома на коленках и так как сашка обладал непокорной и смелой душой то он не мог спокойно отнестись ко злу и мстил жизни для этой цели он бил товарищей грубил начальству рвал учебники и целый день лгал то учителям то матери не лгал он только одному отцу когда в драке ему расшибали нос он нарочно расковыривал его еще больше и орал без слез но так громко что все испытывали неприятное ощущение морщились и затыкали уши проорав сколько нужно он сразу умолкал показывал язык и рисовал в черновой тетрадке карикатуру на себя как орет на надзирателя заткнувшего уши и на дрожащего от страха победителя вся тетрадка заполнена была карикатурами и чаще всех повторялась такая толстая и низенькая женщина била скалкой тонкого как спичка мальчика внизу крупными и неровными буквами чернела подпись проси прощенья щенок и ответ не попрошу хоть тресни перед рождеством сашку выгнали из гимназии и когда мать стала бить его он укусил ее за палец это дало ему свободу и он бросил умываться по утрам бегал целый день с ребятами и бил их и боялся одного голода так как мать перестала совсем кормить его и только отец прятал для него хлеб и картошку при этих условиях сашка находил существование возможным в пятницу накануне рождества сашка играл с ребятами пока они не разошлись по домам и не проскрипела ржавым морозным скрипом калитка за последним из них уже темнело и с поля куда выходил одним концом глухой переулок надвигалась серая снежная мгла в низеньком черном строении стоявшем поперек улицы на выезде зажегся красноватый немигающий огонек мороз усилился и когда сашка проходил в светлом круге который образовался от зажженного фонаря он видел медленно реявшие в воздухе маленькие сухие снежинки приходилось идти домой где полуночничаешь щенок крикнула на него мать замахнулась кулаком но не ударила рукава у нее были засучены обнажая белые толстые руки и на безбровом плоском лице выступали капли пота когда сашка проходил мимо нее он почувствовал знакомый запах водки мать почесала в голове толстым указательным пальцем с коротким и грязным ногтем и так как браниться было некогда только плюнула и крикнула статистики одно слово сашка презрительно шморгнул носом и прошел за перегородку где слышалось тяжелое дыханье отца ивана саввича ему всегда было холодно и он старался согреться сидя на раскаленной лежанке и подкладывая под себя руки ладонями книзу сашка а тебя свечниковы на елку звали горничная приходила прошептал он врешь спросил с недоверием сашка ей богу эга ведьма нарочно ничего не говорит а уж и куртку приготовила врешь все больше удивлялся сашка богачи свечниковы определившие его в гимназию не велели после его исключения показываться к ним отец еще раз побожился и сашка задумался ну ка подвинься расселся сказал он отцу прыгая на коротенькую лежанку и добавил а к этим чертям я не пойду жирны больно станут если еще я к ним пойду испорченный мальчик протянул сашка в нос сами хороши антипы толсторожие ах сашка сашка поежился от холода отец не сносить тебе головы а ты то сносил грубо возразил сашка молчал бы уж бабы боится
0,алексей степанович машинист при буковской мельнице среди ночи проснулся не то уже выспавшись так как накануне он завалился спать с восьми часов не то от ровного шума дождя по железной крыше от которого он отвык за семь зимних месяцев рамы в окнах уже были выставлены и звук приносился густой и отчетливый точно над железом крыши опрокинули мешок с горохом и сквозь этот шум едва пробивалось мягкое и задумчивое бульканье алексей степанович засветил огонь и накинув пальто выглянул наружу было так темно что в первую минуту он не мог рассмотреть ракиты которая стояла как раз у входа грохот дождя на крыше стал глуше но бульканье усиливалось и алексей степанович понял что капли дождя попадают в воду и удивился откуда она взялась у его домика стоявшего на бугорке постепенно тьма начала двигаться перед глазами и сбираться в черные пятна похожие на провалы в темно сером полотне вот темною полосою вытянулась ракита за нею черным пятном встал барак в котором находится потухший паровик дальше как туча с причудливыми краями расплывался четырехэтажный корпус мельницы одно окно под крышей слабо светилось и прямо под ним в самом низу смутно колебалось и двигалось на одном месте светлое пятно ого куда подошла подумал про воду алексей степанович с тем приятно жутким чувством с каким люди встречают проявление грозной силы природы набросив пальто на голову он обошел по ледяному еще не стаявшему пласту вокруг своего домика и заглянул за угол туда где находилась река а за нею на противоположном берегу раскидывались последние домишки стрелецкой слободы но теперь не видно было ничего точно мир кончался в двух шагах от алексея степановича а дальше был бездонный провал и там не слышалось ни звука и не виднелось ни огонька ни светлого пятна дождь шлепал где то вблизи а из черной пропасти подувало легким ветерком несло свежестью и тиной и неуловимым запахом льда воды и навоза алексею степановичу почудился крик он долго вслушивался и даже снял пальто с головы но только дождь нарушал зловещую тишину обнявшую реку очевидно он ошибся и снова то неприятное что не оставляло алексея степановича всю страстную неделю завозилось в его душе и отняло у ночи ее жуткую прелесть он обругал дождь скользкий ледяной пласт свою маленькую одинокую комнатку мельника никиту храпевшего в кухне и повалился на кровать опротивевшую за шесть дней непрерывного лежания от которого кости ломило больше чем от работы противно было все что в нем и что вокруг него шесть дней он не умывался и не причесывал волос никита всегда вносил на сапогах грязь в окна глядело серое тусклое небо и все это создавало ощущение чего то нечистого беспорядочного и такими же нечистыми казались и мысли вначале поста стрельцы избили его за ильманинскую дашу и он две недели пролежал в больнице и поссорился из за этого с управляющим а когда выписался и с револьвером в кармане прошелся по слободе даша отвернулась а проклятые ребята прыгали вокруг на одной ножке и пели баринок а баринок зачем корявую утку съел он грозно смотрел на встречных ожидая косого взгляда чтобы завязать драку но все потупляли глаза а за спиной чей то угрюмый голос пробурчал попрыгай попрыгай авось допрыгаешься разбойники эти стрельцы стоят за своих девок горой и никого со стороны не подпускают в третьем году у одного телеграфиста гитару на куски разломали а самого чуть струной не удавили и всем алексей степанович чужой мельники за спиной смеются и дразнят баринком настоящие господа сторонятся и никогда руки не подают и алексей степанович то винил людей и жалел себя то думал о своем характере гордом и неуступчивом и думал что все горе его жизни проистекает от него самого но было одинаково тяжело и то и другое и вызывало одинаковое чувство
0,уже четыре недели жил он в доме и четыре недели в доме царили страх и беспокойство все старались говорить и поступать так как они всегда поступали и говорили и не замечали того что речи их звучат глуше что глаза их смотрят виновато и тревожно и часто оборачиваются в ту сторону где находится отведенная ему комната в противоположном от нее конце дома они ступали ногами неестественно громко и так же неестественно громко смеялись но когда им случалось проходить мимо белых дверей которые весь день были заперты изнутри и так глухи точно за ними не было ничего живого они умеряли шаг а все тело их подавалось в сторону словно в ожидании удара и хотя проходившие становились на пол всей ногой но шаг их был более легок и более беззвучен чем если бы они шли на цыпочках и никто не называл его по имени а просто словом он и так как все каждую минуту думали о нем то это неопределенное название представлялось более ясным чем полное имя и никогда не заставляло переспрашивать почему то казалось непочтительным и фамильярным звать его как зовут других слово же он точно и резко выражало страх который внушала его высокая сумрачная фигура и только одна старая бабушка которая жила наверху звала его колей но и она испытывала напряженное состояние страха и ожидания беды охватившее весь дом и часто плакала однажды она спросила горничную катю почему барышня не играет сегодня на фортепьяно но катя удивленно взглянула на нее и не ответила а уходя покачала головой точно не одобряла самого вопроса пришел он в серый ноябрьский полдень когда все были дома и сидели за чаем кроме пети давно уже ушедшего в гимназию на дворе было холодно и низко нависшие плотные тучи сеяли дождь так что несмотря на большие окна в высоких комнатах было темно а в некоторых горел даже огонь звонок его был резкий и властный и сам александр антонович вздрогнул он подумал что явился кто нибудь из важных посетителей и медленно пошел навстречу сделав на своем полном и серьезном лице приветливо ласковую улыбку но она тотчас исчезла когда в полутьме прихожей он увидел бедно и грязно одетого человека перед которым в смущении стояла горничная робко загораживая ему путь вероятно с вокзала он шел пешком и только местами ехал на конке потому что коротенькое потертое пальто его было мокро а брюки внизу забрызганы и стояли коробом от воды и грязи и голос его был хриплый грубый не то от сырости и простуды не то от долгого молчания в тряском вагоне чего молчите дома спрашиваю вас александр антоныч барсуков повторил вошедший свой вопрос но отозвался александр антонович не входя в переднюю он вполоборота взглянул на человека которого счел за одного из бесчисленных просителей и строго сказал вам что здесь нужно не узнал отец насмешливо но с дрожью в голосе спросил вошедший а ведь я николай по отчеству александрыч какой николай отступил на шаг александр антонович но спрашивая он уже знал какой николай стоит перед ним важность исчезла с его лица и оно стало бледно страшной старческой бледностью похожей на смерть и руки поднялись к груди откуда внезапно вышел весь воздух следующим порывистым движением обе руки обняли николая и седая холеная борода прикоснулась к черной мокрой бородке и старческие отвыкшие целовать губы искали молодых свежих губ и с ненасытной жадностью впивались в них погоди отец дай раздеться мягко говорил николай простил простил дрожал всем телом александр антонович ну что за глупости сурово и строго сказал николай отстраняя отца какое еще там прощение когда они входили в столовую александру антоновичу было стыдно своего порыва которому с такой неудержимой силой отдалось его доброе сердце но радость от свидания хотя и отравленная бурлила в груди
1,кузя двухвостый сергейке очень хотелось поймать какую нибудь птичку особенно кузю большую белощёкую синицу уж очень они кузи весёлые бойкие смелые клетка у сергейки была а западню ему дали товарищи на три дня дали и в первый же день сергейке попался в западню кузя сергейка принёс его домой и стал пересаживать из западни в клетку но кузя так бился дрался и клевался что сергейка ненарочно выдрал у него несколько перьев из хвоста и стал кузя двухвостый сзади по бокам торчат перья вилочкой а посредине ничего нет сергейка подумал куда мне двухвостого мальчишки засмеют скажут общипанный в суп его надо и решил кузю выпустить и наловить других птиц два дня ещё оставалось у него а кузя прыгает себе с жёрдочки на жёрдочку перевёртывается вниз головой как обезьяна и долбит своим крепким клювиком зёрна солнце в комнату заглянет он запоёт зин зи вер зин зи верр так весело звонко будто никогда и на воле не был всегда жил в клетке сергей стал его выгонять из клетки кузя как крикнет пинь пинь черрр как зашипит на него пришлось выставить клетку в окно и открыть дверцу улетел кузя сергейка опять западню поставил утром приходит и ещё издали видит захлопнута западня кто то попался подошёл а в западне кузя сидит да не какой нибудь а тот самый двухвостый кузенька взмолился сергейка ты же мне мешаешь других птиц ловить один только день и остался мне ловить их он взял западню с кузей и пошёл прочь от дома шёл шёл пришёл в середину леса и там выпустил кузю кузя крикнул пинь пинь черрр и скрылся в чаще сергейка вернулся домой и опять поставил западню на другой день приходит опять кузя двухвостый в западне пинь пинь черррр чуть не расплакался сергейка выгнал кузю и отнёс западню хозяевам прошло несколько дней сергейка скучал и уже стал думать зачем я кузю выгнал хотя и двухвостый а какой весёлый вдруг за окном пинь пиньгчерррр сергейка открыл окно и кузя сейчас же влетел в избу прилепился к потолку перелетел на стену увидал таракашку тюкнул его носом и съел и стал кузя жить в избе у сергейки захочет в клетку залетит зёрнышек поклюёт выкупается в ванночке и опять вылетит сергейка клетку не закрывал захочет по всей избе летает тараканов ищет склевал всех тараканов крикнул пинь пинь черр и улетел
1,лупленый бочок думаете все зайцы одинаковые все трусы нет зайцы тоже разные бывают спросите вот моего сынишку какого мы раз поймали скандалиста мы были на охоте в лесу втроём сынишка я и джим джим это собачка наша коротконожка уши до земли хвостик куцый замечательная охотничья собачка хоть и старенькая всякую дичь разыщет на крыло поднимет а подстреленную поймает схватит и осторожно не помяв ни перышка подаст прямо в руки необыкновенно умный и добрый у нас джим с другими собаками не дерётся никого никогда не кусает всем знакомым людям при встрече хвостиком часто часто машет и знаете так по собачьи приветливо улыбается на охоте мы были сухой осенью уже лист с деревьев падал а дождей больших ещё не было в это время охотиться в лесу всего трудней высохший лист гремит под ногами дичь тебя далеко слышит и видит сквозь поредевший кустарник и не допустив улетает вдруг слышу джим залаял залаял в кустах и вдруг замолк на кого это он думаю и приготовился стрелять но оттуда из кустов никто не вылетел а сынишка уже там и кричит мне из кустов папа папа беги скорей кого джим то в плен взял я к ним и вижу джим лежит врастяжку на земле а передними лапами зайчонка прижал к листьям держит его зайчонок верещит отчаянно джим хвостиком часто часто виляет а сынишка мой стоит над ними и не знает что ему делать я подошёл взял зайчонка у джима держу зайчонка двумя пальцами за шиворот он ещё пуще верещит лапками от меня отбивается сынишка говорит это он на тебя сердится кричит как ты смеешь меня такого маленького обижать и вправду похоже было что зайчонок что то эдакое кричал а джим на задние лапы встал передними мне в колени упёрся и лижет зайчонка успокаивает его что значит не бойся не таковские мы ничего плохого тебе не сделаем тут вдруг сынишка говорит смотри папа у него левый бочок лупленый смотрю на левом боку у зайчонка плешинка шерсть содрана голая кожа с пятак кружок эге говорю да ведь это мне знакомый зайчишка он у дяди серёжи сбежал полезай ка дружок в карман осторожно его под пузечко перехватил и сунул в свою охотничью куртку в спинной карман такой у меня карман есть в куртке во всю спину а по бокам пуговицы очень удобно в нём стреляную дичь носить и всякую всячину что бывает на охоте попадается зайчонку там темно тепло он и притих и сразу мы домой пошли по дороге мне пришлось конечно всё подробно рассказать сынишке откуда я этого зайчонка знаю и отчего у него бочок лупленый дядя серёжа приятель мой тоже охотник живёт на краю деревни у самого леса зайчонка он поймал недели три назад совсем ещё крошкой у себя в саду под кустом смородины этот зайчонок из листопадничков у зайчих первые зайчата родятся весной когда ещё снег корочкой наст и называются они н а с т о вичками а последние в году родятся осенью когда уже лист с деревьев начинает падать их охотники так и зовут листопадничками дядя серёжа очень этому зайчонку обрадовался вот почему у него у дяди серёжи не так давно ощенилась дворовая собака по кличке клеопарда щенят всех он ещё раньше знакомым своим обещал а как их у матери отнимешь и без того злющая клеопарда совсем с ума сойдёт на всех начнёт кидаться дядя серёжа и придумал зайчонка ей вместо щенят подложить чтобы не скучала не лютовала так и сделал щенята в ящике сидели он их оттуда взял когда матери не было а на их место зайчонка положил клеопарда пришла щенят нет а сидит в ящике малая зверюшка и её собачьим запахом пахнет в ящике то всё с её запахом она и не тронула
1,чьи это ноги летал жаворонок высоко над землёй под самыми облаками поглядит вниз сверху ему далеко видно и поёт я ношусь под облаками над полями и лугами вижу всех кто подо мной всех под солнцем и луной устал петь спустился и сел на кочку отдыхать вылезла из под дерева медянка и говорит ему сверху ты всё видишь это правда а вот снизу никого не узнаешь как это может быть удивился жаворонок непременно узнаю а вот иди ложись со мной рядом я тебе буду снизу всех показывать а ты отгадывай кто идёт ишь какая говорит жаворонок я к тебе пойду а ты меня ужалишь я змей боюсь вот и видно что ты ничего земного не знаешь сказала медянка первое я не змея а просто ящерица а второе змеи не жалят а кусают змей то и я боюсь зубы у них такие длинные и в зубах яд а у меня гляди ка малюсенькие зубки я ими не то что от змеи от тебя и то не отобьюсь а где же у тебя ноги если ты ящерица да зачем мне ноги если я по земле ползаю не хуже змеи ну если вправду ты безногая ящерица сказал жаворонок так мне бояться нечего соскочил с кочки лапки под себя поджал и лёг рядом с медянкой вот лежат они рядышком медянка и спрашивает ну ка ты верхогляд узнавай кто идёт и зачем он сюда пожаловал взглянул жаворонок перед собой и обмер идут по земле высоченные ноги через большие кочки как через малые комочки земли шагают пальцами в землю след вдавливают перешагнули ноги через жаворонка и пропали не видать больше медянка на жаворонка посмотрела и улыбнулась во весь рот облизнула сухие губы тонким язычком и говорит ну друг видно не разгадал ты моей загадки кабы ты знал кто через нас шагнул так не испугался бы я вот лежу и смекаю две ноги высоких пальцев на каждой счётом три больших один маленький и знаю уж птица идёт большая высокая по земле гулять любит хороши ходули для ходьбы так оно и есть журавль это прошёл тут жаворонок встрепенулся весь от радости журавль ему знакомый был спокойная птица добрая не обидит лежи не пляши зашипела на него медянка гляди опять ноги идут и верно ковыляют по земле голые ноги неизвестно чьи пальцы словно лоскутами клеёнки обшиты отгадывай говорит медянка жаворонок думал думал никак не может припомнить чтобы прежде такие ноги видел эх ты засмеялась медянка да ведь это совсем просто отгадать видишь пальцы широкие ноги плоские по земле идут спотыкаются вот в воде с ними удобно повернёшь ногу боком она воду как ножом режет растопыришь пальцы и весло готово это чомга нырец водяная такая птица из озера вылезла вдруг упал с дерева чёрный комок шерсти приподнялся с земли и пополз на локтях присмотрелся жаворонок а это вовсе не локти а сложенные крылья повернулся комок боком сзади у него цепкие звериные лапки и хвост а между хвостом и лапками кожа натянута вот чудеса сказал жаворонок кажется крылатая тварь как и я а на земле узнать её никак не могу ага обрадовалась медянка не можешь узнать хвастался что под луной всех знаешь а летучей то мыши и не узнал тут летучая мышь вскарабкалась на кочку расправила крылья и улетела к себе на дерево а уж из под земли другие ноги лезут страшные лапы короткие мохнатые на пальцах тупые когти жёсткие ладошки в разные стороны вывернуты затрепетал жаворонок а медянка говорит лежу гляжу и смекаю лапы в шерсти значит звериные короткие как обрубки и ладошками врозь а на толстых пальцах когтищи здоровые на таких ногах по земле шагать трудно а вот под землёй жить землю лапами рыть да назад её за собой отбрасывать
1,сказки зверолова люля прежде земли вовсе не было рассказывает хант зверолов только одно море было звери и птицы жили на воде и детей выводили на воде и это было очень неудобно вот раз собрались звери и птицы со всех концов моря устроили общее собрание председателем выбрали большого большого кита и стали думать как беде помочь долго спорили шумели наконец постановили достать со дна моря щепотку земли и сделать из неё большие острова и тогда на земле жить и детей выводить на земле хорошо придумали а как земли достать со дна не знают море то ведь глубокое не донырнёшь до дна стали звери и птицы рыб просить принесите нам рыбы щепотку земли со дна а вам зачем спрашивают рыбы острова делать нет говорят рыбы не дадим вам земли острова делать нам без островов лучше жить плыви куда хочешь стали звери и птицы кита просить ты из нас самый сильный и большой зверь ты председатель наш понатужься нырни на дно собрание просит нельзя отказываться набрал кит воздуху ударил хвостом по воде нырнул пошли по морю волны закачались на них звери и птицы ждут пождут нет кита только большие пузыри из воды выскакивают да с треском лопаются и волны улеглись вдруг забурлила вода всколыхнулось море выкинуло кита высоко в воздух упал кит назад в воду выпустил из ноздрей две струи нет говорит не достать мне до дна очень уж я толстый не пускает меня вода загрустили звери и птицы уж если кит не может достать кто же достанет собрались все в круг молчат горюют вдруг выплывает в середину круга востроносенькая птица давайте говорит я попробую может быть я донырну до дна посмотрели звери и птицы да ведь это люля нырец ростом с малую уточку на головке рожки из перьев торчат зашумели рассердились звери и птицы ты люля смеёшься над нами кита великана море как щепку выкинуло а уж тебя то слабенькую разом расплющит а может быть и ничего говорит люля попробую и как сидела на воде так и ушла под воду только голову опустила и нет люли даже ряби на волнах не осталось ждут пождут звери и птицы нет люли и море спокойно только белые пузырики из воды выскакивают и лопаются без шума вдруг на том месте где люля нырнула опять она сидит а когда вынырнула никто и не заметил сидит дышит тяжело зашумели засмеялись звери и птицы где тебе люля до дна достать маленькая ты слабенькая ты а с китом тягаться хочешь а люля молчит отдышалась отдохнула опять под воду ушла ждут пождут звери и птицы смотрят на воду нет люли и море спокойно только розовые пузырьки из воды выскакивают лопаются без шума вдруг на том месте где люля нырнула опять она сидит а когда вынырнула никто и не заметил сидит тяжело дышит и глаза у неё розовые стали и на клюве розовый от крови пузырик зашумели звери и птицы жалко им стало маленькую люлю довольно говорят ты для нас постаралась отдыхай теперь всё равно не достать земли со дна моря а люля молчит отдышалась отдохнула опять под воду ушла ждут пождут звери и птицы смотрят на воду нет люли и море спокойно только красные пузырики из воды выскакивают лопаются без шума зашептали звери и птицы красные пузырики пошли это кровь люлина раздавило море люлю не видать нам больше люли вдруг видят глубоко в воде под тем местом где люля сидела что то тёмное мелькает приближается ближе ближе и всплыла наверх люля ножками кверху подхватили её звери и птицы перевернули посадили на воду ножками вниз и видят сидит люля еле дышит глаза у неё красной кровью налились на клюве красный кровяной пузырик а в клюве щепотка земли со дна морского обрадовались звери
1,прятки косой санька прятки или по нашему по новгородски сказать хоронушки игра не одним людям всему свету известная лесом идёшь много глаз на тебя глядит за каждым шагом твоим следят а ты и не видишь кто с тобой в прятки играет не дале как прошлой осенью один случай был у нас в колхозе вечером затеяли пятеро наших ребятишек ваня маня таня паня и саня игру у сенного сарая им бы спать пора ложиться сумерки уж начинаются ребятишки то все мелкие долго ли до беды как водится у нас стали в круг каждый свои два кулачка перед собой выставил сосчитались шла кукушка мимо сети а за нею злые дети и кричали ку ку мяк убирай один кулак на кого мяк выпадет тот один кулачок убирает потом по второму разу считаются по третьему пока у последнего один кулачок не останется этому значит водить водить выпало ване ваня взял палочку выручалочку стал носом к стенке сарая локтем глаза себе закрыл стоит выкрикивает раз два три четыре пять я иду искать раз два три четыре пять шесть семь я иду совсем раз два три четыре десять я иду на целый месяц когда всё до конца выкрикнул палочку к стене приставил и поскорей обернулся ребятишки давно успели схорониться кто куда никого нет только глядь будто чьи то босые ноги брык брык под сарай лезут под дальний угол и пропали там вижу вижу закричал ваня и бегом к тому углу а в это время из за другого угла сарая таня с паней а из под куста маня и к палочке выручалочке стук стук стук и все трое дома ну да ваня на них только рукой махнул пускай одного то он приметил уж этот от него не уйдёт добежал до угла вылазь кричит в дыру под сараем вылазь санька вижу сам конечно ничего не видит потому что под сараем яма а в яме темно да ведь чьи то ноги под сарай лезли лезли чьи же как не санькины девчонки уже все дома а тут сам санька выскакивает в стороне из канавки и бегом к палочке выручалочке надо бы и ване скорей к ней чтобы первому постучать да он растерялся как же так ведь санька под сараем сидит и ваня ещё раз крикнул в дыру вылазь санька всё равно вылазь девчонки так со смеху и покатились а саня уж у палочки стук стук стук и кричит вот он я води ка в другой раз тут ваня опомнился а от угла не идёт ребята говорит тут что то не так тут с нами ещё кто то в хоронушки играет вот сюда залез я своими глазами видел ребятишки к нему он стоит белый как берёза глаза большие и шепчет вот тут вот тут сидит я ноги видел лезет ногами брыкается ребятишкам стало не по себе сумерки гуще лес рукой подать и стоит тёмный страшный в лесу волки медведи и как знать кто ещё неизвестно кто под сарай забрался сидит там санька боевой парнишка как крикнет толстым голосом кто там в яме объявись а под сараем как шебуршнёт таня паня маня как взвизгнут как припустят бежать хорошо на меня набежали как раз я из лесу шёл с охоты еле их остановил рассказали мне как всё было вижу дело серьёзное пошёл к сараю девчонки за мной издали саня с ваней стоят у угла в руках уже колья у них хотят в яму толкать обождите говорю погляжу раньше поставил я ружьё к стенке опустился на четвереньки чиркнул спичку батюшки светы кто под сараем то сидит я руку туда и цоп его за уши уж как он ни брыкался так за уши и вытащил его ребятишкам видали кого струсили заяц здоровый русачина вот глупый
2,давно уже отмечено умными людьми что счастье как здоровье когда оно налицо его не замечаешь но когда пройдут годы как вспоминаешь о счастье о как вспоминаешь что касается меня то я как выяснилось это теперь был счастлив в году зимой незабываемый вьюжный стремительный год начавшаяся вьюга подхватила меня как клочок изорванной газеты и перенесла с глухого участка в уездный город велика штука подумаешь уездный город но если кто нибудь подобно мне просидел в снегу зимой в строгих и бедных лесах летом полтора года не отлучаясь ни на один день если кто нибудь разрывал бандероль на газете от прошлой недели с таким сердечным биением точно счастливый любовник голубой конверт ежели кто нибудь ездил на роды за восемнадцать верст в санях запряженных гуськом тот надо полагать поймет меня уютнейшая вещь керосиновая лампа но я за электричество и вот я увидел их вновь наконец обольстительные электрические лампочки главная улица городка хорошо укатанная крестьянскими санями улица на которой чаруя взор висели вывеска с сапогами золотой крендель красные флаги изображение молодого человека со свиными и наглыми глазками и с абсолютно неестественной прической означавшей что за стеклянными дверями помещается местный базиль за тридцать копеек бравшийся вас брить во всякое время за исключением дней праздничных коими изобилует отечество мое до сих пор с дрожью вспоминаю салфетки базиля салфетки заставлявшие неотступно представлять себе ту страницу в германском учебнике кожных болезней на которой с убедительной ясностью изображен твердый шанкр на подбородке у какого то гражданина но и салфетки эти все же не омрачат моих воспоминаний на перекрестке стоял живой милиционер в запыленной витрине смутно виднелись железные листы с тесными рядами пирожных с рыжим кремом сено устилало площадь и шли и ехали и разговаривали в будке торговали вчерашними московскими газетами содержащими в себе потрясающие известия невдалеке призывно пересвистывались московские поезда словом это была цивилизация вавилон невский проспект о больнице и говорить не приходится в ней было хирургическое отделение терапевтическое заразное акушерское в больнице была операционная в ней сиял автоклав серебрились краны столы раскрывали свои хитрые лапы зубья винты в больнице был старший врач три ординатора кроме меня фельдшера акушерки сиделки аптека и лаборатория лаборатория подумать только с цейсовским микроскопом прекрасным запасом красок я вздрагивал и холодел меня давили впечатления немало дней прошло пока я не привык к тому что одноэтажные корпуса больницы в декабрьские сумерки словно по команде загорались электрическим светом он слепил меня в ваннах бушевала и гремела вода и деревянные измызганные термометры ныряли и плавали в них в детском заразном отделении весь день вспыхивали стоны слышался тонкий жалостливый плач хриплое бульканье сиделки бегали носились тяжкое бремя соскользнуло с моей души я больше не нес на себе роковой ответственности за все что бы ни случилось на свете я не был виноват в ущемленной грыже и не вздрагивал когда приезжали сани и привозили женщину с поперечным положением меня не касались гнойные плевриты требовавшие операции я почувствовал себя впервые человеком объем ответственности которого ограничен какими то рамками роды пожалуйста вон низенький корпус вон крайнее окно завешенное белой марлей там врач акушер симпатичный и толстый с рыженькими усиками и лысоватый это его дело сани поворачивайте к окну с марлей осложненный перелом главный врач хирург воспаление легких в терапевтическое отделение к павлу владимировичу о величественная машина большой больницы на налаженном точно смазанном ходу как новый винт по заранее взятой мерке и я вошел в аппарат и принял детское отделение и дифтерит и скарлатина поглотили меня взяли мои дни но только дни я стал спать по ночам потому что не слышалось более под моими окнами зловещего ночного стука который мог поднять меня и увлечь в тьму на опасность и неизбежность по вечерам я стал читать про дифтерит и скарлатину конечно в первую голову и
2,часть первая велик был год и страшен год по рождестве христовом от начала же революции второй был он обилен летом солнцем а зимою снегом и особенно высоко в небе стояли две звезды звезда пастушеская вечерняя венера и красный дрожащий марс но дни и в мирные и в кровавые годы летят как стрела и молодые турбины не заметили как в крепком морозе наступил белый мохнатый декабрь о елочный дед наш сверкающий снегом и счастьем мама светлая королева где же ты через год после того как дочь елена повенчалась с капитаном сергеем ивановичем тальбергом и в ту неделю когда старший сын алексей васильевич турбин после тяжких походов службы и бед вернулся на украину в город в родное гнездо белый гроб с телом матери снесли по крутому алексеевскому спуску на подол в маленькую церковь николая доброго что на взвозе когда отпевали мать был май вишневые деревья и акации наглухо залепили стрельчатые окна отец александр от печали и смущения спотыкающийся блестел и искрился у золотеньких огней и дьякон лиловый лицом и шеей весь кованозолотой до самых носков сапог скрипящих на ранту мрачно рокотал слова церковного прощания маме покидающей своих детей алексей елена тальберг и анюта выросшая в доме турбиной и николка оглушенный смертью с вихром нависшим на правую бровь стояли у ног старого коричневого святителя николы николкины голубые глаза посаженные по бокам длинного птичьего носа смотрели растерянно убито изредка он возводил их на иконостас на тонущий в полумраке свод алтаря где возносился печальный и загадочный старик бог моргал за что такая обида несправедливость зачем понадобилось отнять мать когда все съехались когда наступило облегчение улетающий в черное потрескавшееся небо бог ответа не давал а сам николка еще не знал что все что ни происходит всегда так как нужно и только к лучшему отпели вышли на гулкие плиты паперти и проводили мать через весь громадный город на кладбище где под черным мраморным крестом давно уже лежал отец и маму закопали эх эх много лет до смерти в доме по алексеевскому спуску изразцовая печка в столовой грела и растила еленку маленькую алексея старшего и совсем крошечного николку как часто читался у пышущей жаром изразцовой площади саардамский плотник часы играли гавот и всегда в конце декабря пахло хвоей и разноцветный парафин горел на зеленых ветвях в ответ бронзовым с гавотом что стоят в спальне матери а ныне еленки били в столовой черные стенные башенным боем покупал их отец давно когда женщины носили смешные пузырчатые у плеч рукава такие рукава исчезли время мелькнуло как искра умер отецпрофессор все выросли а часы остались прежними и били башенным боем к ним все так привыкли что если бы они пропали какнибудь чудом со стены грустно было бы словно умер родной голос и ничем пустого места не заткнешь но часы по счастью совершенно бессмертны бессмертен и саардамский плотник и голландский изразец как мудрая скала в самое тяжкое время живительный и жаркий вот этот изразец и мебель старого красного бархата и кровати с блестящими шишечками потертые ковры пестрые и малиновые с соколом на руке алексея михайловича с людовиком нежащимся на берегу шелкового озера в райском саду ковры турецкие с чудными завитушками на восточном поле что мерещились маленькому николке в бреду скарлатины бронзовая лампа под абажуром лучшие на свете шкапы с книгами пахнущими таинственным старинным шоколадом с наташей ростовой капитанской дочкой золоченые чашки серебро портреты портьеры все семь пыльных и полных комнат вырастивших молодых турбиных все это мать в самое трудное время оставила детям и уже задыхаясь и слабея цепляясь за руку елены плачущей молвила дружно живите но как жить как же жить алексею васильевичу турбину старшему молодому врачу двадцать восемь лет елене двадцать четыре мужу ее капитану тальбергу тридцать один а николке семнадцать с
2,часть первая так кто ж ты наконец я часть той силы что вечно хочет зла и вечно совершает благо гете фауст глава никогда не разговаривайте с неизвестными однажды весною в час небывало жаркого заката в москве на патриарших прудах появились два гражданина первый из них одетый в летнюю серенькую пару был маленького роста упитан лыс свою приличную шляпу пирожком нес в руке а на хорошо выбритом лице его помещались сверхъестественных размеров очки в черной роговой оправе второй плечистый рыжеватый вихрастый молодой человек в заломленной на затылок клетчатой кепке был в ковбойке жеваных белых брюках и в черных тапочках первый был не кто иной как михаил александрович берлиоз председатель правления одной из крупнейших московских литературных ассоциаций сокращенно именуемой массолит и редактор толстого художественного журнала а молодой спутник его поэт иван николаевич понырев пишущий под псевдонимом бездомный попав в тень чуть зеленеющих лип писатели первым долгом бросились к пестро раскрашенной будочке с надписью пиво и воды да следует отметить первую странность этого страшного майского вечера не только у будочки но и во всей аллее параллельной малой бронной улице не оказалось ни одного человека в тот час когда уж кажется и сил не было дышать когда солнце раскалив москву в сухом тумане валилось куда то за садовое кольцо никто не пришел под липы никто не сел на скамейку пуста была аллея дайте нарзану попросил берлиоз нарзану нету ответила женщина в будочке и почему то обиделась пиво есть сиплым голосом осведомился бездомный пиво привезут к вечеру ответила женщина а что есть спросил берлиоз абрикосовая только теплая сказала женщина ну давайте давайте давайте абрикосовая дала обильную желтую пену и в воздухе запахло парикмахерской напившись литераторы немедленно начали икать расплатились и уселись на скамейке лицом к пруду и спиной к бронной тут приключилась вторая странность касающаяся одного берлиоза он внезапно перестал икать сердце его стукнуло и на мгновенье куда то провалилось потом вернулось но с тупой иглой засевшей в нем кроме того берлиоза охватил необоснованный но столь сильный страх что ему захотелось тотчас же бежать с патриарших без оглядки берлиоз тоскливо оглянулся не понимая что его напугало он побледнел вытер лоб платком подумал что это со мной этого никогда не было сердце шалит я переутомился пожалуй пора бросить все к черту и в кисловодск и тут знойный воздух сгустился перед ним и соткался из этого воздуха прозрачный гражданин престранного вида на маленькой головке жокейский картузик клетчатый кургузый воздушный же пиджачок гражданин ростом в сажень но в плечах узок худ неимоверно и физиономия прошу заметить глумливая жизнь берлиоза складывалась так что к необыкновенным явлениям он не привык еще более побледнев он вытаращил глаза и в смятении подумал этого не может быть но это увы было и длинный сквозь которого видно гражданин не касаясь земли качался перед ним и влево и вправо тут ужас до того овладел берлиозом что он закрыл глаза а когда он их открыл увидел что все кончилось марево растворилось клетчатый исчез а заодно и тупая игла выскочила из сердца фу ты черт воскликнул редактор ты знаешь иван у меня сейчас едва удар от жары не сделался даже что то вроде галлюцинации было он попытался усмехнуться но в глазах его еще прыгала тревога и руки дрожали однако постепенно он успокоился обмахнулся платком и произнеся довольно бодро ну с итак повел речь прерванную питьем абрикосовой речь эта как впоследствии узнали шла об иисусе христе дело в том что редактор заказал поэту для очередной книжки журнала большую антирелигиозную поэму эту поэму иван николаевич сочинил и в очень короткий срок но к сожалению ею редактора нисколько не удовлетворил очертил бездомный главное действующее лицо своей поэмы то есть иисуса очень черными красками и тем не менее всю поэму приходилось
2,затем почему то со странным интересом фенимора купера и оценил вполне и лампу над столом и седые угольки на подносе самовара и стынущий чай и сон после бессонных полутора лет так я был счастлив в м году зимой получив перевод в уездный город с глухого вьюжного участка пролетел месяц за ним второй и третий й год отошел и полетел февраль го я привык к своему новому положению и мало помалу свой дальний участок стал забывать в памяти стерлась зеленая лампа с шипящим керосином одиночество сугробы неблагодарный я забыл свой боевой пост где я один без всякой поддержки боролся с болезнями своими силами подобно герою фенимора купера выбираясь из самых диковинных положений изредка правда когда я ложился в постель с приятной мыслью о том как сейчас я усну какие то обрывки проносились в темнеющем уже сознании зеленый огонек мигающий фонарь скрип саней короткий стон потом тьма глухой вой метели в полях потом все это боком кувыркалось и проваливалось интересно кто там сидит сейчас на моем месте кто нибудь да сидит молодой врач вроде меня ну что же я свое высидел февраль март апрель ну и скажем май и конец моему стажу значит в конце мая я расстанусь с моим блистательным городом и вернусь в москву и ежели революция подхватит меня на свое крыло придется возможно еще поездить но во всяком случае своего участка я более никогда в жизни не увижу никогда столица клиника асфальт огни так думал я а все таки хорошо что я пробыл на участке я стал отважным человеком я не боюсь чего я только не лечил в самом деле а психических болезней не лечил ведь верно нет позвольте а агроном допился тогда до чертей и я его лечил и довольно неудачно белая горячка чем не психическая болезнь почитать надо бы психиатрию да ну ее как нибудь впоследствии в москве а сейчас в первую очередь детские болезни и еще детские болезни и в особенности эта каторжная детская рецептура фу черт если ребенку десять лет то скажем сколько пирамидону ему можно дать на прием или забыл а если три года только детские болезни и ничего больше довольно умопомрачительных случайностей прощай мой участок и почему мне этот участок так настойчиво сегодня вечером лезет в голову зеленый огонь ведь я покончил с ним расчеты на всю жизнь ну и довольно спать вот письмо с оказией привезли давайте сюда сиделка стояла у меня в передней пальто с облезшим воротником было накинуто поверх белого халата с клеймом на синем дешевом конверте таял снег вы сегодня дежурите в приемном покое спросил я зевая я никого нет нет пусто ешли зевота раздирала мне рот и от этого слова я произносил неряшливо кого нибудь привежут вы дайте мне знать шюда я лягу спать хорошо можно иттить да да идите она ушла дверь визгнула а я зашлепал туфлями в спальню по дороге безобразно и криво раздирая пальцами конверт в нем оказался продолговатый смятый бланк с синим штемпелем моего участка моей больницы незабываемый бланк я усмехнулся вот интересно весь вечер думал об участке и вот он явился сам напомнить о себе предчувствие под штемпелем химическим карандашом был начертан рецепт латинские слова неразборчивые перечеркнутые ничего не понимаю путаный рецепт пробормотал я и уставился на слово что бишь тут необычайного в этом рецепте ах да четырехпроцентный раствор кто же выписывает четырехпроцентный раствор морфия зачем я перевернул листок и зевота моя прошла на обороте листка чернилами вялым и разгонистым почерком было написано февраля года милый извините что пишу на клочке нет под руками бумаги я очень тяжко и нехорошо заболел помочь мне некому да я и не хочу искать помощи ни у кого кроме вас второй месяц я сижу на бывшем вашем
2,половиной жизньто им как раз перебило на самом рассвете давно уже начало мести с севера и метет и метет и не перестает и чем дальше тем хуже вернулся старший турбин в родной город после первого удара потрясшего горы над днепром ну думается вот перестанет начнется та жизнь о которой пишется в шоколадных книгах но она не только не начинается а кругом становится все страшнее и страшнее на севере воет и воет вьюга а здесь под ногами глухо погромыхивает ворчит встревоженная утроба земли восемнадцатый год летит к концу и день ото дня глядит все грознее и щетинистей упадут стены улетит встревоженный сокол с белой рукавицы потухнет огонь в бронзовой лампе а капитанскую дочку сожгут в печи мать сказала детям живите а им придется мучиться и умирать както в сумерки вскоре после похорон матери алексей турбин придя к отцу александру сказал да печаль у нас отец александр трудно маму забывать а тут еще такое тяжелое время главное ведь только что вернулся думал наладим жизнь и вот он умолк и сидя у стола в сумерках задумался и посмотрел вдаль ветви в церковном дворе закрыли и домишко священника казалось что сейчас же за стеной тесного кабинетика забитого книгами начинается весенний таинственный спутанный лес город повечернему глухо шумел пахло сиренью что сделаешь что сделаешь конфузливо забормотал священник он всегда конфузился если приходилось беседовать с людьми воля божья может кончится все это когданибудь дальшето лучше будет неизвестно у кого спросил турбин священник шевельнулся в кресле тяжкое тяжкое время что говорить пробормотал он но уныватьто не следует потом вдруг наложил белую руку выпростав ее из темного рукава ряски на пачку книжек и раскрыл верхнюю там где она была заложена вышитой цветной закладкой уныния допускать нельзя конфузливо но както очень убедительно проговорил он большой грех уныние хотя кажется мне что испытания будут еще как же как же большие испытания он говорил все увереннее я последнее время все знаете ли за книжечками сижу по специальности конечно больше все богословские он приподнял книгу так чтобы последний свет из окна упал на страницу и прочитал третий ангел вылил чашу свою в реки и источники вод и сделалась кровь итак был белый мохнатый декабрь он стремительно подходил к половине уже отсвет рождества чувствовался на снежных улицах восемнадцатому году скоро конец над двухэтажным домом постройки изумительной на улицу квартира турбиных была во втором этаже а в маленький покатый уютный дворик в первом в саду что лепился под крутейшей горой все ветки на деревьях стали лапчаты и обвисли гору замело засыпало сарайчики во дворе и стала гигантская сахарная голова дом накрыло шапкой белого генерала и в нижнем этаже на улицу первый во двор под верандой турбиных подвальный засветился слабенькими желтенькими огнями инженер и трус буржуй и несимпатичный василий иванович лисович а в верхнем сильно и весело загорелись турбинские окна в сумерки алексей и николка пошли за дровами в сарай эх эх а дров до черта мало опять сегодня вытащили смотри из николкиного электрического фонарика ударил голубой конус а в нем видно что обшивка со стены явно содрана и снаружи наскоро прибита вот бы подстрелить чертей ейбогу знаешь что сядем на эту ночь в караул я знаю это сапожники из одиннадцатого номера и ведь какие негодяи дров у них больше чем у нас а ну их идем бери ржавый замок запел осыпался на братьев пласт поволокли дрова к девяти часам вечера к изразцам саардама нельзя было притронуться замечательная печь на своей ослепительной поверхности несла следующие исторические записи и рисунки сделанные в разное время восемнадцатого года рукою николки тушью и полные самого глубокого смысла и значения если тебе скажут что союзники спешат к нам на выручку не верь союзники сволочи он сочувствует большевикам рисунок рожа момуса
3,окна в сад были открыты всю ночь а деревья раскидывались густой листвой возле самых окон и на заре когда в саду стало светло птицы так чисто и звонко щебетали в кустах что отдавалось в комнатах но еще воздух и молодая майская зелень в росе были холодны и матовы спальни дышали сном теплом и покоем дом не походил на дачный это был обыкновенный деревенский дом небольшой но удобный и покойный петр алексеевич примо архитектор занимал его уже пятое лето сам он больше бывал в разъездах или в городе на даче жила его жена наталья борисовна и младший сын гриша старший игнатий только что кончивший курс в университете так же как и отец появлялся на даче гостем он уже служил в четыре часа в столовую вошла горничная сладко зевая она переставляла мебель и шаркала половой щеткой потом она прошла через гостиную в комнату гриши и поставила у кровати большие штиблеты на широкой подошве без каблука гриша открыл глаза гарпина сказал он баритоном гарпина остановилась в дверях чого спросила она шепотом поди сюда гарпина покачала головой и вышла гаприна повторил гриша та чого вам поди сюда на минутку е п ду хоч зар жте гриша подумал и крепко потянулся ну пошва вон бариня загадали вчора спитать вас чи поодете у город а дальше казали щоб не оздили бо барин ь г лн прыодуть гриша не отвечая обувался повотенце спросил он громко та на стол он не збуд ть бариню заспанный свежий и здоровый в сером шелковом картузе в широком костюме из легкой материи гриша вышел в гостиную перекинул через плечо мохнатое полотенце захватив стоявший в углу крокетный молоток и пройдя переднюю отворил дверь на улицу на пыльную дорогу дачи в садах тянулись направо и налево в одну линию с горы открывался обширный вид на восток на живописную низменность теперь все сверкало чистыми яркими красками раннего утра синеватые леса темнели по долине светлой местами алой сталью блестела река в камышах и высокой луговой зелени кое где с зеркальной воды снимались и таяли полосы серебряного пара а вдали широко и ясно разливался по небу оранжевый свет зари солнце приближалось легко и сильно шагая гриша спустился с горы и дошел по мокрой глянцевитой и резко пахнущей сыростью траве до купальни там в дощатом номере странно озаренном матовым отсветом воды он разделся и долго разглядывал свое стройное тело и гордо ставил свою красивую голову чтобы походить на статуи римских юношей потом слегка прищуривая серые глаза и посвистывая вошел в свежую воду выплыл из купальни и сильно взмахнул руками увидав что на горизонте чуть чуть показавшееся солнце задрожало тонкой огнистой полоской белые гуси с металлически звонкими криками распустив крылья и шумно бороздя воду тяжело шарахнулись в тростники широкие круги плавно перекатываясь закачались и пошли к реке григорий петрович крикнул чей то голос с берега гриша перевернулся и увидал на берегу высокого мужика с русой бородою с открытым лицом и ясным взглядом больших голубых глаз навыкате это был каменский толстовец как его называли на дачах вы придете сегодня крикнул каменский снимая картуз и вытирая лоб рукавом замашной рубахи здравствуйте приду отозвался гриша а вы куда если не секрет каменский с улыбкой взглянул исподлобья ведь вот люди сказал он важно и ласково всё у них секреты гриша подплыл к берегу и стоя и качаясь по горло в воде пробормотал ну если хотите не секрет я просто полюбопытствовал почему вы меня спросили а мне нужно побывать у знакомых да так вы в город едете разве в город только ездят снова перебил каменский и разве знакомые бывают только в городе конечно нет только я не понимаю вот это верно я сказал что буду и в городе и у знакомых вот тут недалеко
3,небо было серебристо звездно поле за садом и гумном темнело ровно на чистом горизонте четко чернела мельница с двумя рогами крыльев но звезды искрились трепетали часто прорезывали небо зеленоватыми полосками сад шумел порывисто и уже по осеннему холодно от мельницы с пологой равнины с опустевшего жнивья дул сильный ветер работники сытно поужинали был праздник успенье и жадно накурились по дороге через сад на гумно накинув армяки сверх полушубков они шли туда спать стеречь хлебные вороха за работниками таща подушку шел высокий гимназист и бежали три борзых белых собаки на гумне на свежем ветру хорошо пахло мякиной новой ржаной соломой все уютно улеглись в ней в самом большом омете поближе к ворохам и риге собаки повозились пошуршали у ног и тоже успокоились над головами лежавших слабо белел широкий раздваивающийся дымно прозрачными рукавами млечный путь наполненный висящей в них мелкой звездной россыпью в соломе было тепло и тихо но по лозняку что темнел вдоль вала слева то и дело тревожно шел и разрастаясь приближался глухим неприязненным шумом северо восточный ветер тогда до лиц до рук доходило прохладное дуновение вместе с дурным запахом из проходов между ометами а по небосклону за неправильными черными пятнами волновавшегося лозняка остро мелькали вспыхивали льдистые алмазы разноцветными огнями загоралась капелла улегшись позевали и закрыли глаза ветер дремотно шелестел торчавшей над головами колючей соломой но дошла до лиц прохлада и все почувствовали что спать еще не хочется выспались после обеда только один гимназист изнемогал от сладкой жажды сна но ему заснуть не давали блохи он стал чесаться раздумался о девках о вдове с которой он при помощи работника пашки потерял в это лето невинность и тоже разгулялся это был худой неуклюжий подросток с нежным цветом лица такого белого что даже загар не брал его с синими глазами с большим кадыком он все лето не разлучался с работниками возил сперва навоз потом снопы оправлял ометы курил махорку подражал мужикам в говоре и в грубости с девками которые дружески поднимали его на смех встречали криками веретёнкин веретёнкин дурацким прозвищем придуманным подавальщиком в молотилку иваном он ночевал то на гумне то в конюшне по неделям не менял белья и парусиновой одежды не снимал дегтярных сапог сбил в кровь ноги с непривычки к портянкам оборвал все пуговицы на летней шинели испачканной колесами и навозом совсем отбился от дому с ласковой грустью говорила о нем мать восхищаясь даже его недостатками конечно поправится окрепнет но посмотрите какая лохматая чушка даже шеи не моет улыбаясь говорила она гостям и теребила его мягкие каштановые лохмы стараясь добраться до нежного завитка кудрявившегося как у девочки на его затылке на темной шее отделявшейся от видного под косовороткой по детски белого тела от больших позвонков под тонкой гладкой кожей а он угрюмо вывертывал голову из под ее ласковой руки хмурился краснел он рос не по дням а по часам и на ходу гнулся задумчиво свистал угловато вилял из стороны в сторону он еще ел липовый цвет и вишневый клей носил хотя уже тайком в кармане парусиновых панталон рогульку для стрельбы по воробьям но сгорел бы от стыда если б это обнаружилось и не выпускал рук из карманов еще зимой он играл с лилей в краснокожих но весной когда по всем улицам города текли и дрожали ослепительным блеском ручьи когда в классах горели от солнца белые подоконники солнцем был пронизан голубой дым в учительской и директорская кошка подстерегала первых зябликов в гимназическом саду еще полном серебряного снега весной он вообразил что влюбился в худенькую маленькую начитанную и серьезную гимназистку юшкову подружился с шестиклассником в очках симашко и решил посвятить все каникулы самообразованию а летом мечты о самообразовании были уже забыты было принято новое решение изучить народ вскоре перешедшее в страстное увлечение
3,накануне сочельника учитель земской школы в можаровке николай нилыч турбин занимался очень неохотно класс был наполовину пуст турбин с усилием дотягивал занятия до половины второго за последнее время во многих неприятностях и в утомительной работе он подкреплял себя напряженным ожиданием праздника и надеждой съездить домой но ехать оказалось не на что турбин давно уже понял что никуда не поедет но сказать себе это определенно все оттягивал теперь больше всего хотелось остаться одному обсудим обсудим думал он беспокойно прикрывая глаза и ребята думали что он или сердит или нездоров и правда к концу занятий у него начало ломить в левой стороне головы когда же школа опустела турбин со злобой прихлопнул дверь в передней и быстро пошел в свою комнату пусть будет так сказал он и хмурясь скинул с себя пиджак повесив его под простыню на стену он накинул на себя длинный тулуп крытый казинетом и лег на кровать ночной зефир струит эфир напевал он мысленно в голове стояло одно и то же пусть будет так черт его побери не ехать так не ехать эка важность тащиться к дьячку обедать не хотелось левая сторона головы продолжала болеть он обмял плечом подушку поудобнее и старался не шевелиться сквозь дремоту он слышал как приходил сторож павел обивал от снега лапти крякал с мороза сморкался и гремел ведрами видел сквозь полузакрытые веки что в комнате разливается отсвет заката и чувствовал что от холода стынут ноги и кончик носа турбину шел двадцать четвертый год был он белокур очень высок ростом худ и от застенчивости очень неловок был он сын сельского дьякона учился в семинарии но курса не кончил по бедности пришлось вернуться домой дома он все выписывал программы думая приготовиться то в юнкерскую то в межевую школу кончил однако экзаменом на сельского учителя и рад был этому жить дома было тяжело матери он не помнил а дьякон отличался болезненно угрюмым характером лицо у него было как на старинных иконах у схимников темное деревянное фигура сухая сутулая говорил он глухим басом и все кашлял заправляя за ухо длинные косицы седых волос даже тон его был всегда один такой словно он старался вразумить растолковать образумить однако проживши год одиноко турбин стал вспоминать об отце с тоской и нежностью дни и ночи мечтал о поездке домой он все обманывал себя надеждами на будущее вот мол дай только это время пережить а там все пойдет прекрасно лето он пробыл на кондиции из за одного содержания у богатого лесорубщика и думал отправиться домой в августе хотя недельки на две но нужно было справить к зиме тулуп осенью он надеялся на святки со всеми подробностями представлял он себе как приедет домой долго будет сидеть с отцом в первый вечер за самоваром в знакомой чистой и теплой хате задушевно будет говорить с ним до поздней ночи а потом поедет в большое торговое село к двоюродной сестре у сестры будут каждый вечер гости барышни и молодые люди с фабрики надо будет захватить с собою гитару думал турбин чтобы скопить денег он от священника перешел обедать и ужинать к дьячку но в ноябре отец написал ему что он должен ехать в губернский город лечиться и просил денег чтобы предупредить отказ письмо было строго и властно внизу же была приписка а последнее мое слово имей бога и сознание пожалей мою старость и учитель отослал все свое сбережение осталась надежда заработать корреспонденциями он стал почти ежедневно посылать в губернский город статейки под заглавием родные отголоски и за подписью ариель но из них взяли только пару заметок о дождях и о несчастном случае на винокуренном заводе школа стояла одиночкой на горе слева были церковь и кладбище походившее на запущенный сад справа косогор дорога шла из полей мимо училища
3,то что так долго всех волновало и тревожило наконец разрешилось великий перевоз сразу опустел наполовину много белых и голубых хат осиротело в этот летний вечер много народу навек покинуло родимое село его зеленые переулки между садами пыльный базарный выгон где так весело в солнечное воскресное утро когда кругом стоит говор гудит бранью и спорами корчма выкрикивают торговки поют нищие пиликает скрипка меланхолично жужжит лира а важные волы прикрывая от солнца глаза сонно жуют сено под эти нестройные звуки покинуло разноцветные огороды и густые верболозы с матово бледной длинной листвой над криницею при спуске к затону реки где в тихие вечера в воде что то стонет глухо и однотонно словно дует в пустую бочку навсегда покинуло родину для далеких уссурийских земель и ушло на край света когда на село расположенное в долине легла широкая прохладная тень от горы закрывающей запад а в долине к горизонту все зарумянилось отблеском заката зарделись рощи вспыхнули алым глянцем изгибы реки и за рекой как золото засверкали равнины песков народ пестреющий яркими праздничными нарядами собрался на зеленую леваду к белой старинной церковке где молились еще казаки и чумаки перед своими далекими походами там под открытым небом между нагруженных телег начался молебен и в толпе воцарилась мертвая тишина голос священника звучал внятно и раздельно и каждое слово молитвы проникало до глубины каждого сердца много слез упало на этом месте и в былые дни стояли здесь когда то снаряженные в далекий путь лыцари они тоже прощались как перед кончиной и с детьми и с женами и не в одном сердце заранее звучала тогда величаво грустная дума о том як на черному мор на б лому камен сидить ясен сок л б лоз рець жал бненько квилить проквиля многих из них ожидали кайдани турецьк каторга бусурманськая и сив тумани в дороге и одинокая смерть под степным курганом и стаи орлов сизокрылых что будут на чорн кудр наступати з лоба оч козацьк видирати но тогда надо всем витала гордая казацкая воля а теперь стоит серая толпа которую навсегда выгоняет на край света не прихоть казацкая а нищета эти желтые пески что сверкают за рекою и как на великой панихиде заказанной по самом себе тихо стоял народ на молебне с поникшими обнаженными головами только ласточки звонко щебетали над ними проносясь и утопая в вечернем воздухе в голубом глубоком небе а потом поднялись вопли и среди гортанного говора плача и криков двинулся обоз по дороге в гору в последний раз показался великий перевоз в родной долине и скрылся и сам обоз скрылся наконец за хлебами в полях в блеске низкого вечернего солнца провожавшие возвращались домой народ толпами валил под гору к хатам были и такие что только вздохнули и пошли домой торопливо и беспечно но таких было мало молча покорно согнувшись шли старики и старухи хмурились суровые хозяйственные мужики плакали дети которых тащили за маленькие ручки отцы и матери громко кричали молодые бабы и дивчата вот две спускаются под гору по каменистой дороге одна крепкая невысокая хмурит брови и рассеянно смотрит своими черными серьезными глазами куда то вдаль по долине другая высокая худенькая плачет обе наряжены по праздничному но как горько плачет одна прижимая к глазам рукав сорочки спотыкаются сафьяновые сапоги на которые так красиво падает из под плахты белоснежный подол звонко с неудержимой радостью пела она до глубокой ночи бегая на реку с ведрами когда отец юхыма твердо сказал что не пойдет на новые места а потом прокинулись сю н ч говорил юхым растерянно прокинулись вони зинька та й кажуть демо на переселения як же так тату вы ж казали кажуть я сон бачив а вот на горе около мельниц стоит в толпе стариков старый василь шкуть он высок широкоплеч и
3,таньке стало холодно и она проснулась высвободив руку из попонки в которую она неловко закуталась ночью танька вытянулась глубоко вздохнула и опять сжалась но все таки было холодно она подкатилась под самую голову печи и прижала к ней ваську тот открыл глаза и взглянул так светло как смотрят со сна только здоровые дети потом повернулся на бок и затих танька тоже стала задремывать но в избе стукнула дверь мать шурша протаскивала из сенец охапку соломы холодно тетка спросил странник лежа на конике нет ответила марья туман а собаки валяются беспременно к метели она искала спичек и гремела ухватами странник спустил ноги с коника зевал и обувался в окна брезжил синеватый холодный свет утра под лавкой шипел и крякал проснувшийся хромой селезень теленок поднялся на слабые растопыренные ножки судорожно вытянул хвост и так глупо и отрывисто мякнул что странник засмеялся и сказал сиротка корову то прогусарили продали и лошади нету продали танька раскрыла глаза продажа лошади особенно врезалась ей в память когда еще картохи копали в сухой ветреный день мать на поле полудновала плакала и говорила что ей кусок в горло не идет и танька все смотрела на ее горло не понимая о чем толк потом в большой крепкой телеге с высоким передком приезжали анчихристы оба они были похожи друг на дружку черны засалены подпоясаны по кострецам за ними пришел еще один еще чернее с палкой в руке что то громко кричал я немного погодя вывел со двора лошадь и побежал с нею по выгону за ним бежал отец и танька думала что он погнался отнимать лошадь догнал и опять увел ее во двор мать стояла на пороге избы и голосила глядя на нее заревел во все горло и васька потом черный опять вывел со двора лошадь привязал ее к телеге и рысью поехал под гору и отец уже не погнался анчихристы лошадники мещане были и правда свирепы на вид особенно последний талдыкин он пришел позднее а до него два первые только цену сбивали они наперебой пытали лошадь драли ей морду били палками ну кричал один смотри сюда получай с богом деньги не мои они побереги полцены брать не приходится уклончиво отвечал корней да какая же это полцена ежели к примеру кобыленке боле годов чем нам с тобой молись богу что зря толковать рассеянно возражал корней тут то и пришел талдыкин здоровый толстый мещанин с физиономией мопса блестящие злые черные глаза форма носа скулы все напоминало в нем эту собачью породу что за шум а драки нету сказал он входя и улыбаясь если только можно назвать улыбкой раздувание ноздрей он подошел к лошади остановился и долго равнодушно молчал глядя на нее потом повернулся небрежно сказал товарищам поскореича ехать время я на выгоне дожду и пошел к воротам корней нерешительно окликнул что же не глянул лошадь то талдыкин остановился долгого взгляда не стоит сказал он да ты поди побалакаем талдыкин подошел и сделал ленивые глаза ну он внезапно ударил лошадь под брюхо дернул ее за хвост пощупал под лопатками понюхал руку и отошел плоха стараясь шутить спросил корней талдыкин хмыкнул долголетня лошадь не старая тэк значит первая голова на плечах корней смутился талдыкин быстро всунул кулак в угол губ лошади взглянул как бы мельком ей в зубы и обтирая руку о полу насмешливо и скороговоркой спросил так не стара твой дед не ездил венчаться на ней ну да нам сойдет получай одиннадцать желтеньких и не дожидаясь ответа корнея достал деньги и взял лошадь за оброть молись богу да полбутылочки ставь что ты что ты обиделся корней ты без креста дядя что воскликнул талдыкин грозно обабурился денег не желаешь бери пока дурак попадается бери говорят тебе да какие же это деньги такие каких
4,сегодняшнего дня случилось необыкновенное приключение я встал поутру довольно поздно и когда мавра принесла мне вычищенные сапоги я спросил который час услышавши что уже давно било десять я поспешил поскорее одеться признаюсь я бы совсем не пошел в департамент зная заранее какую кислую мину сделает наш начальник отделения он уже давно мне говорит что это у тебя братец в голове всегда ералаш такой ты иной раз метаешься как угорелый дело подчас так спутаешь что сам сатана не разберет в титуле поставишь маленькую букву не выставишь ни числа ни номера проклятая цапля он верно завидует что я сижу в директорском кабинете и очиниваю перья для его превосходительства словом я не пошел бы в департамент если бы не надежда видеться с казначеем и авось либо выпросить у этого жида хоть сколько нибудь из жалованья вперед вот еще создание чтобы он выдал когда нибудь вперед за месяц деньги господи боже мой да скорее страшный суд придет проси хоть тресни хоть будь в разнужде не выдаст седой черт а на квартире собственная кухарка бьет его по щекам это всему свету известно я не понимаю выгод служить в департаменте никаких совершенно ресурсов вот в губернском правлении гражданских и казенных палатах совсем другое дело там смотришь иной прижался в самом уголку и пописывает фрачишка на нем гадкий рожа такая что плюнуть хочется а посмотри ты какую он дачу нанимает фарфоровой вызолоченной чашки и не неси к нему это говорит докторский подарок а ему давай пару рысаков или дрожки или бобер рублей в триста с виду такой тихенький говорит так деликатно одолжите ножичка починить перышко а там обчистит так что только одну рубашку оставит на просителе правда у нас зато служба благородная чистота во всем такая какой вовеки не видеть губернскому правлению столы из красного дерева и все начальники на вы да признаюсь если бы не благородство службы я бы давно оставил департамент я надел старую шинель и взял зонтик потому что шел проливной дождик на улицах не было никого одни только бабы накрывшись полами платья да русские купцы под зонтиками да курьеры попадались мне на глаза из благородных только наш брат чиновник попался мне я увидел его на перекрестке я как увидел его тотчас сказал себе эге нет голубчик ты не в департамент идешь ты спешишь вон за тою что бежит впереди и глядишь на ее ножки что это за бестия наш брат чиновник ей богу не уступит никакому офицеру пройди какая нибудь в шляпке непременно зацепит когда я думал это увидел подъехавшую карету к магазину мимо которого я проходил я сейчас узнал ее это была карета нашего директора но ему незачем в магазин я подумал верно это его дочка я прижался к стенке лакей отворил дверцы и она выпорхнула из кареты как птичка как взглянула она направо и налево как мелькнула своими бровями и глазами господи боже мой пропал я пропал совсем и зачем ей выезжать в такую дождевую пору утверждай теперь что у женщин не велика страсть до всех этих тряпок она не узнала меня да и я сам нарочно старался закутаться как можно более потому что на мне была шинель очень запачканная и притом старого фасона теперь плащи носят с длинными воротниками а на мне были коротенькие один на другом да и сукно совсем не дегатированное собачонка ее не успевши вскочить в дверь магазина осталась на улице я знаю эту собачонку ее зовут меджи не успел я пробыть минуту как вдруг слышу тоненький голосок здравствуй меджи вот тебе на кто это говорит я обсмотрелся и увидел под зонтиком шедших двух дам одну старушку другую молоденькую но они уже прошли а возле меня опять раздалось грех тебе меджи что за черт я увидел что
4,глава в ворота гостиницы губернского города въехала довольно красивая рессорная небольшая бричка в какой ездят холостяки отставные подполковники штабс капитаны помещики имеющие около сотни душ крестьян словом все те которых называют господами средней руки в бричке сидел господин не красавец но и не дурной наружности ни слишком толст ни слишком тонок нельзя сказать чтобы стар однако ж и не так чтобы слишком молод въезд его не произвел в городе совершенно никакого шума и не был сопровожден ничем особенным только два русские мужика стоявшие у дверей кабака против гостиницы сделали кое какие замечания относившиеся впрочем более к экипажу чем к сидевшему в нем вишь ты сказал один другому вон какое колесо что ты думаешь доедет то колесо если б случилось в москву или не доедет доедет отвечал другой а в казань то я думаю не доедет в казань не доедет отвечал другой этим разговор и кончился да еще когда бричка подъехала к гостинице встретился молодой человек в белых канифасовых панталонах весьма узких и коротких во фраке с покушеньями на моду из под которого видна была манишка застегнутая тульскою булавкою с бронзовым пистолетом молодой человек оборотился назад посмотрел экипаж придержал рукою картуз чуть не слетевший от ветра и пошел своей дорогой когда экипаж въехал на двор господин был встречен трактирным слугою или половым как их называют в русских трактирах живым и вертлявым до такой степени что даже нельзя было рассмотреть какое у него было лицо он выбежал проворно с салфеткой в руке весь длинный и в длинном демикотонном сюртуке со спинкою чуть не на самом затылке встряхнул волосами и повел проворно господина вверх по всей деревянной галдарее показывать ниспосланный ему богом покой покой был известного рода ибо гостиница была тоже известного рода то есть именно такая как бывают гостиницы в губернских городах где за два рубля в сутки проезжающие получают покойную комнату с тараканами выглядывающими как чернослив из всех углов и дверью в соседнее помещение всегда заставленною комодом где устроивается сосед молчаливый и спокойный человек но чрезвычайно любопытный интересующийся знать о всех подробностях проезжающего наружный фасад гостиницы отвечал ее внутренности она была очень длинна в два этажа нижний не был выщекатурен и оставался в темнокрасных кирпичиках еще более потемневших от лихих погодных перемен и грязноватых уже самих по себе верхний был выкрашен вечною желтою краскою внизу были лавочки с хомутами веревками и баранками в угольной из этих лавочек или лучше в окне помещался сбитенщик с самоваром из красной меди и лицом так же красным как самовар так что издали можно бы подумать что на окне стояло два самовара если б один самовар не был с черною как смоль бородою пока приезжий господин осматривал свою комнату внесены были его пожитки прежде всего чемодан из белой кожи несколько поистасканный показывавший что был не в первый раз в дороге чемодан внесли кучер селифан низенькой человек в тулупчике и лакей петрушка малый лет тридцати в просторном подержаном сюртуке как видно с барского плеча малый немного суровый на взгляд с очень крупными губами и носом вслед за чемоданом внесен был небольшой ларчик красного дерева с штучными выкладками из карельской березы сапожные колодки и завернутая в синюю бумагу жареная курица когда всё это было внесено кучер селифан отправился на конюшню возиться около лошадей а лакей петрушка стал устроиваться в маленькой передней очень темной конурке куда уже успел притащить свою шинель и вместе с нею какой то свой собственный запах который был сообщен и принесенному вслед за тем мешку с разным лакейским туалетом в этой конурке он приладил к стене узенькую трехногую кровать накрыв ее небольшим подобием тюфяка убитым и плоским как блин и может быть так же замаслившимся как блин который удалось ему вытребовать у хозяина гостиницы покамест
4,славная бекеша у ивана ивановича отличнейшая а какие смушки фу ты пропасть какие смушки сизые с морозом я ставлю бог знает что если у кого либо найдутся такие взгляните ради бога на них особенно если он станет с кем нибудь говорить взгляните сбоку что это за объядение описать нельзя бархат серебро огонь господи боже мой николай чудотворец угодник божий отчего же у меня нет такой бекеши он сшил ее тогда еще когда агафия федосеевна не ездила в киев вы знаете агафию федосеевну та самая что откусила ухо у заседателя прекрасный человек иван иванович какой у него дом в миргороде вокруг него со всех сторон навес на дубовых столбах под навесом везде скамейки иван иванович когда сделается слишком жарко скинет с себя и бекешу и исподнее сам останется в одной рубашке и отдыхает под навесом и глядит что делается во дворе и на улице какие у него яблони и груши под самыми окнами отворите только окно так ветви и врываются в комнату это все перед домом а посмотрели бы что у него в саду чего там нет сливы вишни черешни огородина всякая подсолнечники огурцы дыни стручья даже гумно и кузница прекрасный человек иван иванович он очень любит дыни это его любимое кушанье как только отобедает и выйдет в одной рубашке под навес сейчас приказывает гапке принести две дыни и уже сам разрежет соберет семена в особую бумажку и начнет кушать потом велит гапке принести чернильницу и сам собственною рукою сделает надпись над бумажкою с семенами сия дыня съедена такого то числа если при этом был какой нибудь гость то участвовал такой то покойный судья миргородский всегда любовался глядя на дом ивана ивановича да домишко очень недурен мне нравится что к нему со всех сторон пристроены сени и сенички так что если взглянуть на него издали то видны одни только крыши посаженные одна на другую что весьма походит на тарелку наполненную блинами а еще лучше на губки нарастающие на дереве впрочем крыши все крыты очеретом ива дуб и две яблони облокотились на них своими раскидистыми ветвями промеж дерев мелькают и выбегают даже на улицу небольшие окошки с резными выбеленными ставнями прекрасный человек иван иванович его знает и комиссар полтавский дорош тарасович пухивочка когда едет из хорола то всегда заезжает к нему а протопоп отец петр что живет в колиберде когда соберется у него человек пяток гостей всегда говорит что он никого не знает кто бы так исполнял долг христианский и умел жить как иван иванович боже как летит время уже тогда прошло более десяти лет как он овдовел детей у него не было у гапки есть дети и бегают часто по двору иван иванович всегда дает каждому из них или по бублику или по кусочку дыни или грушу гапка у него носит ключи от комор и погребов от большого же сундука что стоит в его спальне и от средней коморы ключ иван иванович держит у себя и не любит никого туда пускать гапка девка здоровая ходит в запаске с свежими икрами и щеками а какой богомольный человек иван иванович каждый воскресный день надевает он бекешу и идет в церковь взошедши в нее иван иванович раскланявшись на все стороны обыкновенно помещается на крылосе и очень хорошо подтягивает басом когда же окончится служба иван иванович никак не утерпит чтоб не обойти всех нищих он бы может быть и не хотел заняться таким скучным делом если бы не побуждала его к тому природная доброта здорово небого бедная прим н в гоголя обыкновенно говорил он отыскавши самую искалеченную бабу в изодранном сшитом из заплат платье откуда ты бедная я паночку из хутора пришла третий день как не пила не ела выгнали меня собственные дети бедная головушка
4,попробуй взглянуть на молнию когда раскроивши черные как уголь тучи нестерпимо затрепещет она целым потопом блеска таковы очи у альбанки аннунциаты все напоминает в ней те античные времена когда оживлялся мрамор и блистали скульптурные резцы густая смола волос тяжеловесной косою вознеслась в два кольца над головой и четырьмя длинными кудрями рассыпалась по шее как ни поворотит она сияющий снег своего лица образ ее весь отпечатлелся в сердце станет ли профилем благородством дивным дышит профиль и мечется красота линий каких не создавала кисть обратится ли затылком с подобранными кверху чудесными волосами показав сверкающую позади шею и красоту не виданных землею плеч и там она чудо но чудеснее всего когда глянет она прямо очами в очи водрузивши хлад и замиранье в сердце полный голос ее звенит как медь никакой гибкой пантере не сравниться с ней в быстроте силе и гордости движений все в ней венец созданья от плеч до античной дышащей ноги и до последнего пальчика на ее ноге куда ни пойдет она уже несет с собой картину спешит ли ввечеру к фонтану с кованой медной вазой на голове вся проникается чудным согласием обнимающая ее окрестность легче уходят вдаль чудесные линии альбанских гор синее глубина римского неба прямей летит вверх кипарис и красавица южных дерев римская пинна тонее и чаще рисуется на небе своею зонтикообразною почти плывущею на воздухе верхушкою и всё и самый фонтан где уже столпились в кучу на мраморных ступенях одна выше другой альбанские горожанки переговаривающиеся сильными серебряными голосами пока поочередно бьет вода звонкой алмазной дугой в подставляемые медные чаны и самый фонтан и самая толпа все кажется для нее чтобы ярче выказать торжествующую красоту чтобы видно было как она предводит всем подобно как царица предводит за собою придворный чин свой в праздничный ли день когда темная древесная галерея ведущая из альбано в кастель гандольфо вся полна празднично убранного народа когда мелькают под сумрачными ее сводами щеголи миненти в бархатном убранстве с яркими поясами и золотистым цветком на пуховой шляпе бредут или несутся вскачь ослы с полузажмуренными глазами живописно неся на себе стройных и сильных альбанских и фраскатанских женщин далеко блистающих белыми головными уборами или таща вовсе не живописно с трудом и спотыкаясь длинного неподвижного англичанина в гороховом непроникаемом макинтоше скорчившего в острый угол свои ноги чтобы не зацепить ими земли или неся художника в блузе с деревянным ящиком на ремне и ловкой вандиковской бородкой а тень и солнце бегут попеременно по всей группе и тогда и в оный праздничный день при ней далеко лучше чем без нее глубина галереи выдает ее из сумрачной темноты своей всю сверкающую всю в блеске пурпурное сукно альбанского ее наряда вспыхивает как ищерь тронутое солнцем чудный праздник летит из лица ее навстречу всем и повстречав ее останавливаются как вкопанные и щеголь миненте с цветком за шляпой издавши невольное восклицание и англичанин в гороховом макинтоше показав вопросительный знак на неподвижном лице своем и художник с вандиковской бородкой долее всех остановившийся на одном месте подумывая то то была бы чудная модель для дианы гордой юноны соблазнительных граций и всех женщин какие только передавались на полотно и дерзновенно думая в то же время то то был бы рай если б такое диво украсило навсегда смиренную его мастерскую но кто же тот чей взгляд неотразимее вперился за ее следом кто сторожит ее речи движенья и движенья мыслей на ее лице двадцатипятилетний юноша римский князь потомок фамилии составлявшей когда то честь гордость и бесславие средних веков ныне пустынно догорающей в великолепном дворце исписанном фресками гверчина и караччей с потускневшей картинной галереей с полинявшими штофами лазурными столами и поседевшим как лунь дворецкий домоуправитель итал его то увидали недавно римские улицы несущего свои черные очи метатели огней из за перекинутого
4,нигде не останавливалось столько народа как перед картинною лавочкою на щукином дворе эта лавочка представляла точно самое разнородное собрание диковинок картины большею частью были писаны масляными красками покрыты темно зеленым лаком в темно желтых мишурных рамах зима с белыми деревьями совершенно красный вечер похожий на зарево пожара фламандский мужик с трубкою и выломанною рукою похожий более на индейского петуха в манжетах нежели на человека вот их обыкновенные сюжеты к этому нужно присовокупить несколько гравированных изображений портрет хозрева мирзы в бараньей шапке портреты каких то генералов в треугольных шляпах с кривыми носами сверх того двери такой лавочки обыкновенно бывают увешаны связками произведений отпечатанных лубками на больших листах которые свидетельствуют самородное дарованье русского человека на одном была царевна миликтриса кирбитьевна на другом город иерусалим по домам и церквам которого без церемонии прокатилась красная краска захватившая часть земли и двух молящихся русских мужиков в рукавицах покупателей этих произведений обыкновенно немного но зато зрителей куча какой нибудь забулдыга лакей уже верно зевает перед ними держа в руке судки с обедом из трактира для своего барина который без сомнения будет хлебать суп не слишком горячий перед ним уже верно стоит в шинели солдат этот кавалер толкучего рынка продающий два перочинные ножика торговка охтенка с коробкою наполненною башмаками всякий восхищается по своему мужики обыкновенно тыкают пальцами кавалеры рассматривают серьезно лакеи мальчики и мальчишки мастеровые смеются и дразнят друг друга нарисованными карикатурами старые лакеи во фризовых шинелях смотрят потому только чтобы где нибудь позевать а торговки молодые русские бабы спешат по инстинкту чтобы послушать о чем калякает народ и посмотреть на что он смотрит в это время невольно остановился перед лавкою проходивший мимо молодой художник чартков старая шинель и нещегольское платье показывали в нем того человека который с самоотвержением предан был своему труду и не имел времени заботиться о своем наряде всегда имеющем таинственную привлекательность для молодости он остановился перед лавкою и сперва внутренно смеялся над этими уродливыми картинами наконец овладело им невольное размышление он стал думать о том кому бы нужны были эти произведения что русский народ заглядывается на ерусланов лазаревичей на объедал и обпивал на фому и ерему это не казалось ему удивительным изображенные предметы были очень доступны и понятны народу но где покупатели этих пестрых грязных масляных малеваний кому нужны эти фламандские мужики эти красные и голубые пейзажи которые показывают какое то притязание на несколько уже высший шаг искусства но в котором выразилось все глубокое его унижение это казалось не были вовсе труды ребенка самоучки иначе в них бы при всей бесчувственной карикатурности целого вырывался острый порыв но здесь было видно просто тупоумие бессильная дряхлая бездарность которая самоуправно стала в ряды искусств тогда как ей место было среди низких ремесл бездарность которая была верна однако ж своему призванию и внесла в самое искусство свое ремесло те же краски та же манера та же набившаяся приобыкшая рука принадлежавшая скорее грубо сделанному автомату нежели человеку долго стоял он пред этими грязными картинами уже наконец не думая вовсе о них а между тем хозяин лавки серенький человечек во фризовой шинели с бородой не бритой с самого воскресенья толковал ему уже давно торговался и условливался в цене еще не узнав что ему понравилось и что нужно вот за этих мужичков и за ландшафтик возьму беленькую живопись то какая просто глаз прошибет только что получены с биржи еще лак не высох или вот зима возьмите зиму пятнадцать рублей одна рамка чего стоит вон она какая зима тут купец дал легкого щелчка в полотно вероятно чтобы показать всю добро ту зимы прикажете связать их вместе и снести за вами где изволите жить эй малый подай веревочку постой брат не так скоро сказал очнувшийся художник видя что уж проворный купец принялся
